-- phpMyAdmin SQL Dump
-- version 4.7.7
-- https://www.phpmyadmin.net/
--
-- Host: 127.0.0.1
-- Generation Time: Jun 18, 2019 at 03:11 PM
-- Server version: 10.1.30-MariaDB
-- PHP Version: 7.2.2

SET SQL_MODE = "NO_AUTO_VALUE_ON_ZERO";
SET AUTOCOMMIT = 0;
START TRANSACTION;
SET time_zone = "+00:00";


/*!40101 SET @OLD_CHARACTER_SET_CLIENT=@@CHARACTER_SET_CLIENT */;
/*!40101 SET @OLD_CHARACTER_SET_RESULTS=@@CHARACTER_SET_RESULTS */;
/*!40101 SET @OLD_COLLATION_CONNECTION=@@COLLATION_CONNECTION */;
/*!40101 SET NAMES utf8mb4 */;

--
-- Database: `damri`
--

-- --------------------------------------------------------

--
-- Table structure for table `dataset`
--

CREATE TABLE `dataset` (
  `id_jam` int(10) DEFAULT NULL,
  `id_trayek` int(10) DEFAULT NULL,
  `id_layanan` int(10) DEFAULT NULL,
  `jml_seat` int(10) DEFAULT NULL,
  `jml_penumpang` int(10) DEFAULT NULL
) ENGINE=InnoDB DEFAULT CHARSET=latin1;

--
-- Dumping data for table `dataset`
--

INSERT INTO `dataset` (`id_jam`, `id_trayek`, `id_layanan`, `jml_seat`, `jml_penumpang`) VALUES
(1, 1, 1, 23, 21),
(2, 1, 2, 30, 20),
(3, 1, 3, 40, 32),
(4, 1, 1, 23, 20),
(5, 1, 2, 30, 19),
(6, 1, 3, 40, 34),
(7, 1, 1, 23, 17),
(1, 2, 1, 23, 10),
(4, 2, 2, 30, 23),
(5, 2, 3, 40, 31),
(6, 2, 1, 23, 21),
(8, 2, 2, 30, 21),
(7, 2, 3, 40, 22),
(3, 2, 2, 30, 16),
(2, 3, 1, 23, 20),
(1, 3, 2, 30, 27),
(3, 3, 3, 40, 25),
(5, 3, 1, 23, 12),
(7, 3, 2, 30, 22),
(6, 3, 3, 40, 29),
(8, 3, 3, 40, 21),
(4, 4, 1, 23, 10),
(2, 4, 2, 30, 23),
(3, 4, 3, 40, 20),
(6, 4, 1, 23, 19),
(9, 4, 2, 30, 26),
(7, 4, 3, 40, 37),
(1, 4, 1, 23, 17),
(2, 5, 1, 23, 12),
(5, 5, 2, 30, 25),
(1, 5, 3, 40, 36),
(7, 5, 1, 23, 22),
(8, 5, 2, 30, 23),
(9, 5, 3, 40, 34),
(3, 5, 2, 30, 21),
(1, 6, 1, 23, 21),
(4, 6, 2, 30, 24),
(9, 6, 3, 40, 12),
(3, 6, 1, 23, 21),
(2, 6, 2, 30, 23),
(5, 6, 3, 40, 37),
(7, 6, 3, 40, 32),
(5, 7, 1, 23, 19),
(6, 7, 2, 30, 22),
(2, 7, 3, 40, 27),
(3, 7, 1, 23, 20),
(1, 7, 2, 30, 27),
(9, 7, 3, 40, 25),
(4, 7, 1, 23, 15),
(2, 8, 1, 23, 16),
(4, 8, 2, 30, 22),
(6, 8, 3, 40, 24),
(8, 8, 1, 23, 18),
(9, 8, 2, 30, 23),
(3, 8, 3, 40, 34),
(1, 8, 2, 30, 21),
(1, 9, 1, 23, 19),
(2, 9, 2, 30, 24),
(4, 9, 3, 40, 33),
(3, 9, 1, 23, 21),
(5, 9, 2, 30, 30),
(8, 9, 3, 40, 39),
(9, 9, 3, 40, 31),
(6, 10, 1, 23, 20),
(2, 10, 2, 30, 23),
(3, 10, 3, 40, 34),
(4, 10, 1, 23, 21),
(8, 10, 2, 30, 23),
(5, 10, 3, 40, 31),
(7, 10, 1, 23, 22),
(2, 11, 1, 23, 20),
(1, 11, 2, 30, 23),
(4, 11, 3, 40, 34),
(3, 11, 1, 23, 12),
(6, 11, 2, 30, 21),
(8, 11, 3, 40, 28),
(9, 11, 2, 30, 32),
(2, 12, 1, 23, 12),
(1, 12, 2, 30, 23),
(4, 12, 3, 40, 29),
(6, 12, 1, 23, 21),
(9, 12, 2, 30, 26),
(7, 12, 3, 40, 39),
(3, 12, 3, 40, 21),
(2, 13, 1, 23, 19),
(5, 13, 2, 30, 27),
(7, 13, 3, 40, 40),
(1, 13, 1, 23, 22),
(4, 13, 2, 30, 27),
(9, 13, 3, 40, 35),
(8, 13, 1, 23, 27),
(1, 14, 1, 23, 20),
(3, 14, 2, 30, 27),
(2, 14, 3, 40, 39),
(4, 14, 1, 23, 20),
(6, 14, 2, 30, 23),
(5, 14, 3, 40, 35),
(9, 14, 2, 30, 39),
(5, 15, 1, 23, 20),
(2, 15, 2, 30, 28),
(4, 15, 3, 40, 34),
(8, 15, 1, 23, 21),
(6, 15, 2, 30, 23),
(9, 15, 3, 40, 36),
(1, 15, 3, 40, 14),
(1, 16, 1, 23, 20),
(5, 16, 2, 30, 23),
(7, 16, 3, 40, 35),
(6, 16, 1, 23, 18),
(4, 16, 2, 30, 21),
(2, 16, 3, 40, 39),
(3, 16, 1, 23, 30),
(1, 17, 1, 23, 22),
(2, 17, 2, 30, 29),
(3, 17, 3, 40, 38),
(4, 17, 1, 23, 21),
(5, 17, 2, 30, 20),
(6, 17, 3, 40, 37),
(7, 17, 2, 30, 32),
(1, 18, 1, 23, 21),
(4, 18, 2, 30, 30),
(5, 18, 3, 40, 34),
(6, 18, 1, 23, 20),
(8, 18, 2, 30, 20),
(7, 18, 3, 40, 21),
(3, 18, 3, 40, 11),
(2, 19, 1, 23, 15),
(1, 19, 2, 30, 12),
(3, 19, 3, 40, 13),
(5, 19, 1, 23, 19),
(7, 19, 2, 30, 23),
(6, 19, 3, 40, 28),
(8, 19, 1, 23, 22),
(1, 20, 1, 23, 10),
(2, 20, 2, 30, 23),
(3, 20, 3, 40, 20),
(4, 20, 1, 23, 19),
(5, 20, 2, 30, 26),
(6, 20, 3, 40, 37),
(7, 20, 2, 30, 17),
(1, 21, 1, 23, 12),
(4, 21, 2, 30, 21),
(5, 21, 3, 40, 32),
(6, 21, 1, 23, 22),
(8, 21, 2, 30, 23),
(7, 21, 3, 40, 34),
(3, 21, 3, 40, 21),
(2, 22, 1, 23, 18),
(1, 22, 2, 30, 24),
(3, 22, 3, 40, 12),
(5, 22, 1, 23, 21),
(7, 22, 2, 30, 29),
(6, 22, 3, 40, 21),
(8, 22, 1, 23, 27),
(4, 23, 1, 23, 22),
(2, 23, 2, 30, 28),
(3, 23, 3, 40, 28),
(6, 23, 1, 23, 20),
(9, 23, 2, 30, 29),
(7, 23, 3, 40, 21),
(1, 23, 2, 30, 26),
(1, 24, 1, 23, 22),
(2, 24, 2, 30, 24),
(3, 24, 3, 40, 21),
(4, 24, 1, 23, 18),
(5, 24, 2, 30, 28),
(6, 24, 3, 40, 24),
(7, 24, 3, 40, 22),
(1, 25, 1, 23, 13),
(4, 25, 2, 30, 21),
(5, 25, 3, 40, 21),
(6, 25, 1, 23, 22),
(8, 25, 2, 30, 13),
(7, 25, 3, 40, 15),
(3, 25, 1, 23, 21),
(2, 26, 1, 23, 11),
(1, 26, 2, 30, 21),
(3, 26, 3, 40, 32),
(5, 26, 1, 23, 22),
(7, 26, 2, 30, 12),
(6, 26, 3, 40, 15),
(8, 26, 2, 30, 28),
(4, 27, 1, 23, 13),
(2, 27, 2, 30, 19),
(3, 27, 3, 40, 20),
(6, 27, 1, 23, 13),
(9, 27, 2, 30, 23),
(7, 27, 3, 40, 35),
(1, 27, 3, 40, 12),
(1, 28, 1, 23, 19),
(2, 28, 2, 30, 23),
(3, 28, 3, 40, 32),
(4, 28, 1, 23, 16),
(5, 28, 2, 30, 23),
(6, 28, 3, 40, 35),
(7, 28, 1, 23, 21),
(1, 29, 1, 23, 12),
(4, 29, 2, 30, 21),
(5, 29, 3, 40, 21),
(6, 29, 1, 23, 15),
(8, 29, 2, 30, 14),
(7, 29, 3, 40, 21),
(3, 29, 2, 30, 24),
(2, 30, 1, 23, 15),
(1, 30, 2, 30, 24),
(3, 30, 3, 40, 22),
(5, 30, 1, 23, 16),
(7, 30, 2, 30, 23),
(6, 30, 3, 40, 24),
(8, 30, 3, 40, 14),
(2, 31, 1, 23, 17),
(1, 31, 2, 30, 23),
(3, 31, 3, 40, 37),
(5, 31, 1, 23, 21),
(7, 31, 2, 30, 24),
(6, 31, 3, 40, 26),
(8, 31, 1, 23, 22);

-- --------------------------------------------------------

--
-- Table structure for table `tbl_armada`
--

CREATE TABLE `tbl_armada` (
  `id_armada` int(10) NOT NULL,
  `id_divre` int(10) NOT NULL,
  `id_cabang` int(10) NOT NULL,
  `armada` int(20) NOT NULL,
  `no_pol` varchar(20) NOT NULL,
  `tahun` int(10) NOT NULL,
  `merk_type` varchar(50) NOT NULL,
  `no_rangka` varchar(50) NOT NULL,
  `no_mesin` varchar(50) NOT NULL,
  `segmen` varchar(50) NOT NULL,
  `id_trayek` int(10) NOT NULL,
  `id_layanan` int(10) NOT NULL,
  `harga_tiket` int(20) NOT NULL
) ENGINE=InnoDB DEFAULT CHARSET=latin1;

--
-- Dumping data for table `tbl_armada`
--

INSERT INTO `tbl_armada` (`id_armada`, `id_divre`, `id_cabang`, `armada`, `no_pol`, `tahun`, `merk_type`, `no_rangka`, `no_mesin`, `segmen`, `id_trayek`, `id_layanan`, `harga_tiket`) VALUES
(1, 1, 3, 2987, 'BE 2137 CU', 1991, 'Merecedes benz', 'MHL 684 200 26 003 306', '386 951 60 070 861', 'ANTAR KOTA', 1, 1, 235000),
(2, 1, 3, 3628, 'BE 2230 CU', 2000, 'Merecedes benz', 'MHL 684 262 YJ 008 782', '386 981 60 371 873', 'ANTAR KOTA', 1, 2, 205000),
(3, 1, 3, 3645, 'BE 2844 BU', 2000, 'Merecedes benz', 'MHL 684 262 YJ 008 935', '386 981 60 380 534', 'ANTAR KOTA', 1, 3, 160000),
(4, 1, 3, 3647, 'BE 2523 CU', 2001, 'Merecedes benz', 'MHL 684 262 YJ 008 940', '386 981 60 380 770', 'ANTAR KOTA', 2, 1, 255000),
(5, 1, 3, 3824, 'BE 2346 AH', 2002, 'Merecedes benz', 'MHL 684 201 2J 009 984', '386 951 60 521 814', 'ANTAR KOTA', 2, 2, 235000),
(6, 1, 3, 3825, 'BE 2504 AH', 2002, 'Merecedes benz', 'MHL 684 201 2J 009 985', '386 951 60 521 815', 'ANTAR KOTA', 2, 3, 160000),
(7, 1, 3, 3826, 'BE 2296 AH', 2002, 'Merecedes benz', 'MHL 684 201 2J 009 986', '386 951 60 521 816', 'ANTAR KOTA', 3, 1, 285000),
(8, 1, 3, 3827, 'BE 2325 AH', 2002, 'Merecedes benz', 'MHL 684 201 2J 009 987', '386 951 60 521 817', 'ANTAR KOTA', 3, 2, 245000),
(9, 1, 3, 3828, 'BE 2473 AH', 2002, 'Merecedes benz', 'MHL 684 201 2J 009 988', '386 951 60 521 818', 'ANTAR KOTA', 3, 3, 210000),
(10, 1, 3, 3829, 'BE 2315 AH', 2002, 'Merecedes benz', 'MHL 684 201 2J 009 989', '386 951 60 521 819', 'ANTAR KOTA', 4, 1, 265000),
(11, 1, 3, 3830, 'BE 2342 AH', 2002, 'Merecedes benz', 'MHL 684 201 2J 009 990', '386 951 60 521 820', 'ANTAR KOTA', 4, 2, 220000),
(12, 1, 3, 3831, 'BE 2301 AH', 2002, 'Merecedes benz', 'MHL 684 201 2J 009 991', '386 951 60 521 821', 'ANTAR KOTA', 4, 3, 200000),
(13, 1, 3, 3832, 'BE 2914 AE', 2002, 'Merecedes benz', 'MHL 684 201 2J 009 992', '386 951 60 521 822', 'ANTAR KOTA', 5, 1, 255000),
(14, 1, 3, 4499, 'BE 2583 CU', 2009, 'Merecedes benz', 'MHL 368 006 9J 000 171', '904 973 U0 801 554', 'ANTAR KOTA', 5, 2, 205000),
(15, 1, 3, 4500, 'BE 2591 CU', 2009, 'Merecedes benz', 'MHL 368 006 9J 000 174', '904 973 U0 801 572', 'ANTAR KOTA', 5, 3, 190000),
(16, 1, 3, 4501, 'BE 2592 CU', 2009, 'Merecedes benz', 'MHL 368 006 9J 000 175', '904 973 U0 802 800', 'ANTAR KOTA', 6, 1, 265000),
(17, 1, 3, 4502, 'BE 2593 CU', 2009, 'Merecedes benz', 'MHL 368 006 9J 000 176', '904 973 U0 793 321', 'ANTAR KOTA', 6, 2, 230000),
(18, 1, 3, 4503, 'BE 2590 CU', 2009, 'Merecedes benz', 'MHL 368 006 9J 000 177', '904 973 U0 802 758', 'ANTAR KOTA', 6, 3, 195000),
(19, 1, 3, 4504, 'BE 2602 CU', 2009, 'Merecedes benz', 'MHL 368 006 9J 000 178', '904 973 U0 802 768', 'ANTAR KOTA', 7, 1, 235000),
(20, 1, 3, 4505, 'BE 2582 CU', 2009, 'Merecedes benz', 'MHL 368 006 9J 000 179', '904 973 U0 802 780', 'ANTAR KOTA', 7, 2, 205000),
(21, 1, 3, 4506, 'BE 2581 CU', 2009, 'Merecedes benz', 'MHL 368 006 9J 000 180', '904 973 U0 811 690', 'ANTAR KOTA', 7, 3, 160000),
(22, 1, 3, 4507, 'BE 2580 CU', 2009, 'Merecedes benz', 'MHL 368 006 9J 000 181', '904 973 U0 804 555', 'ANTAR KOTA', 8, 1, 255000),
(23, 1, 3, 4508, 'BE 2604 CU', 2009, 'Merecedes benz', 'MHL 368 006 9J 000 182', '904 973 U0 804 329', 'ANTAR KOTA', 8, 2, 235000),
(24, 1, 3, 4509, 'BE 2605 CU', 2009, 'Merecedes benz', 'MHL 368 006 9J 000 190', '904 973 U0 804 541', 'ANTAR KOTA', 8, 3, 160000),
(25, 1, 3, 4510, 'BE 2612 CU', 2009, 'Merecedes benz', 'MHL 368 006 9J 000 189', '904 973 U0 804 786', 'ANTAR KOTA', 9, 1, 285000),
(26, 1, 3, 4511, 'BE 2614 CU', 2009, 'Merecedes benz', 'MHL 368 006 9J 000 191', '904 973 U0 804 310', 'ANTAR KOTA', 9, 2, 245000),
(27, 1, 3, 4512, 'BE 2615 CU', 2009, 'Merecedes benz', 'MHL 368 006 9J 000 192', '904 973 U0 8047 72', 'ANTAR KOTA', 9, 3, 210000),
(28, 1, 3, 4513, 'BE 2603 CU', 2009, 'Merecedes benz', 'MHL 368 006 9J 000 187', '904 973 U0 804 589', 'ANTAR KOTA', 10, 1, 265000),
(29, 1, 3, 4514, 'BE 2613 CU', 2009, 'Merecedes benz', 'MHL 368 006 9J 000 188', '904 973 U0 804 351', 'ANTAR KOTA', 10, 2, 220000),
(30, 1, 3, 4725, 'BE 2943 BU', 2011, 'Merecedes benz', 'MHL 3681 006 AJ 000 365', '904 973 UO 826 434', 'ANTAR KOTA', 10, 3, 200000),
(31, 1, 3, 4726, 'BE 2809 BU', 2011, 'Merecedes benz', 'MHL 3681 006 AJ 000 346', '904 973 UO 823 557', 'ANTAR KOTA', 11, 1, 255000),
(32, 1, 3, 4727, 'BE 2938 BU', 2011, 'Merecedes benz', 'MHL 3681 006 AJ 000 261', '904 973 UO 819 306', 'ANTAR KOTA', 11, 2, 205000),
(33, 1, 3, 4752, 'BE 2166 CU', 2006, 'Merecedes benz', 'MHL 382 123 6J 011 448', '906 918 U0 656 880', 'ANTAR KOTA', 11, 3, 190000),
(34, 1, 3, 4754, 'BE 2342 CU', 2006, 'Merecedes benz', 'MHL 382 123 6J 011 457', '906 918 U0 657 460', 'ANTAR KOTA', 12, 1, 265000),
(35, 1, 3, 4757, 'BE 2142 CU', 2006, 'Merecedes benz', 'MHL 382 123 6J 011 458', '906 918 U0 667 301', 'ANTAR KOTA', 12, 2, 230000),
(36, 1, 3, 4760, 'BE 7114 CU', 2006, 'Merecedes benz', 'MHL 382 123 6J 011 463', '906 918 U0 661 339', 'ANTAR KOTA', 12, 3, 195000),
(37, 1, 3, 4761, 'BE 2422 AU', 2006, 'Merecedes benz', 'MHL 382 123 6J 011 476', '906 918 U0 661 998', 'ANTAR KOTA', 13, 1, 235000),
(38, 1, 3, 4762, 'BE 2455 AU', 2006, 'Merecedes benz', 'MHL 382 123 6J 011 456', '906 918 U0 657 463', 'ANTAR KOTA', 13, 2, 205000),
(39, 1, 3, 4763, 'BE 2434 AU', 2006, 'Merecedes benz', 'MHL 382 123 6J 011 445', '906 918 U0 655 177', 'ANTAR KOTA', 13, 3, 160000),
(40, 1, 3, 4764, 'BE 2403 AU', 2006, 'Merecedes benz', 'MHL 382 123 6J 011 464', '906 918 U0 661 342', 'ANTAR KOTA', 14, 1, 255000),
(41, 1, 3, 4933, 'BE 2107 CU', 2012, 'Merecedes Benz', 'MHL 368 006 CJ 002 227', '906 998 U0 977 005', 'ANTAR KOTA', 14, 2, 235000),
(42, 1, 3, 4934, 'BE 2531 CU', 2012, 'Mercedes Benz', 'MHL 368 006 CJ 002 228', '906 998 U0 976 784', 'ANTAR KOTA', 14, 3, 160000),
(43, 1, 3, 4935, 'BE 2937 CU', 2012, 'Mercedes Benz', 'MHL 368 006 CJ 002 229', '906 998 U0 976 780', 'ANTAR KOTA', 15, 1, 285000),
(44, 1, 3, 4936, 'BE 2491 CU', 2012, 'Mercedez Benz', 'MHL 368 006 CJ 002 230', '906 998 U0 976 780', 'ANTAR KOTA', 15, 2, 245000),
(45, 1, 3, 4937, 'BE 2943 CU', 2012, 'Mercedez Benz', 'MHL 368 006 CJ 002 231', '906 998 U0 977 015', 'ANTAR KOTA', 15, 3, 210000),
(46, 1, 3, 4938, 'BE 2750 CU', 2012, 'Mercedez Benz', 'MHL 368 006 CJ 002 232', '906 998 U0 976 760', 'ANTAR KOTA', 16, 1, 265000),
(47, 1, 3, 4939, 'BE 2965 CU', 2012, 'Mercedez Benz', 'MHL 368 006 CJ 002 233', '906 998 U0 976 778', 'ANTAR KOTA', 16, 2, 220000),
(48, 1, 3, 5004, 'BE 7239 CU', 2012, 'Mercedes Benz', 'MHL 368 006 CJ 002 073', '906 998 U0 960 590', 'ANTAR KOTA', 16, 3, 200000),
(49, 1, 3, 5005, 'BE 7405 AU', 2012, 'Merecedes benz', 'MHL 368 006 CJ 002 074', '906 998 U0 961 187', 'ANTAR KOTA', 17, 1, 255000),
(50, 1, 3, 5006, 'BE 7091 AU', 2012, 'Merecedes benz', 'MHL 368 006 CJ 002 075', '906 998 U0 961 186', 'ANTAR KOTA', 17, 2, 205000),
(51, 1, 3, 5007, 'BE 7131 AU', 2012, 'Mercedes Benz', 'MHL 368 006 CJ 002 076', '906 998 U0 961 185', 'ANTAR KOTA', 17, 3, 190000),
(52, 1, 3, 5008, 'BE 7259 AU', 2012, 'Merecedes benz', 'MHL 368 006 CJ 002 077', '906 998 U0 960 981', 'ANTAR KOTA', 18, 1, 265000),
(53, 1, 3, 5009, 'BE 7867 AU', 2012, 'Merecedes benz', 'MHL 368 006 CJ 002 078', '906 998 U0 960 977', 'ANTAR KOTA', 18, 2, 230000),
(54, 1, 3, 5010, 'BE 7168 AU', 2012, 'Merecedes benz', 'MHL 368 006 CJ 002 079', '906 998 U0 960 979', 'ANTAR KOTA', 18, 3, 195000),
(55, 1, 3, 5011, 'BE 7336 CU', 2012, 'Merecedes benz', 'MHL 368 006 CJ 002 107', '906 998 U0 961 625', 'ANTAR KOTA', 19, 1, 235000),
(56, 1, 3, 5012, 'BE 7516 AU', 2012, 'Merecedes benz', 'MHL 368 006 CJ 002 109', '906 998 U0 961 626', 'ANTAR KOTA', 19, 2, 205000),
(57, 1, 3, 5013, 'BE 7257 CU', 2012, 'Merecedes benz', 'MHL 368 006 CJ 002 110', '906 998 U0 961 953', 'ANTAR KOTA', 19, 3, 160000),
(58, 1, 3, 5250, 'BE 2970 CU', 2013, 'Merecedes benz', 'MHL 3681 006 DJ 000 409', '906 998 U1 030 214', 'ANTAR KOTA', 20, 1, 255000),
(59, 1, 3, 5251, 'BE 2993 CU', 2013, 'Merecedes benz', 'MHL 3681 006 DJ 000 521', '906 998 U1 034 306', 'ANTAR KOTA', 20, 2, 235000),
(60, 1, 3, 5252, 'BE 2961 CU', 2013, 'Merecedes benz', 'MHL 3681 006 DJ 000 522', '906 998 U1 034 302', 'ANTAR KOTA', 20, 3, 160000),
(61, 1, 3, 5311, 'BE.2868 CU', 2013, 'Merecedes benz', 'MHL 3681 006 DJ 000 568', '906 998 UI 035 198', 'ANTAR KOTA', 21, 1, 285000),
(62, 1, 3, 5312, 'BE 2136 CU', 2013, 'Merecedes benz', 'MHL 3681 006 DJ 000 569', '906 998 UI 034 992', 'ANTAR KOTA', 21, 2, 245000),
(63, 1, 3, 5313, 'BE 2235 CU', 2013, 'Merecedes benz', 'MHL 3681 006 DJ 000 572', '906 998 UI 035 208', 'ANTAR KOTA', 21, 3, 210000),
(64, 1, 3, 5314, 'BE 2189 CU', 2013, 'Merecedes benz', 'MHL 3681 006 DJ 000 571', '906 998 UI 035 204', 'ANTAR KOTA', 22, 1, 265000),
(65, 1, 3, 5315, 'BE 2866 CU', 2013, 'Merecedes benz', 'MHL 3681 006 DJ 000 573', '906 998 UI 035 208', 'ANTAR KOTA', 22, 2, 220000),
(66, 1, 3, 5531, 'BE 2835 BU', 2014, 'Merecedes benz', 'MHL 368 100 EJ 000 717', '906 998 U1 056 181', 'ANTAR KOTA', 22, 3, 200000),
(67, 1, 3, 5532, 'BE 2817 BU', 2014, 'Merecedes benz', 'MHL 368 100 EJ 000 718', '906 998 U1 055 850', 'ANTAR KOTA', 23, 1, 255000),
(68, 1, 3, 5533, 'BE 2781 BU', 2014, 'Merecedes benz', 'MHL 368 100 EJ 000 719', '906 998 U1 085 716', 'ANTAR KOTA', 23, 2, 205000),
(69, 1, 3, 5534, 'BE 2775 BU', 2014, 'Merecedes benz', 'MHL 368 100 EJ 000 720', '906 998 U1 056 658', 'ANTAR KOTA', 23, 3, 190000),
(70, 1, 3, 5535, 'BE 2807 BU', 2014, 'Merecedes benz', 'MHL 368 100 EJ 000 721', '906 998 U1 084 546', 'ANTAR KOTA', 24, 1, 265000),
(71, 1, 3, 5536, 'BE 2810 BU', 2014, 'Merecedes benz', 'MHL 368 100 EJ 000 722', '906 998 U1 084 547', 'ANTAR KOTA', 24, 2, 230000),
(72, 1, 3, 5537, 'BE 2763 BU', 2014, 'Merecedes benz', 'MHL 368 100 EJ 000 723', '906 998 U1 084 539', 'ANTAR KOTA', 24, 3, 195000),
(73, 1, 3, 5538, 'BE 2744  BU', 2014, 'Merecedes benz', 'MHL 368 100 EJ 000 724', '906 998 U1 084 548', 'ANTAR KOTA', 25, 1, 235000),
(74, 1, 3, 4933, 'BE 2107 CU', 2012, 'Merecedes Benz', 'MHL 368 006 CJ 002 227', '906 998 U0 977 005', 'ANTAR KOTA', 25, 2, 205000),
(75, 1, 3, 4934, 'BE 2531 CU', 2012, 'Mercedes Benz', 'MHL 368 006 CJ 002 228', '906 998 U0 976 784', 'ANTAR KOTA', 25, 3, 160000),
(76, 1, 3, 4935, 'BE 2937 CU', 2012, 'Mercedes Benz', 'MHL 368 006 CJ 002 229', '906 998 U0 976 780', 'ANTAR KOTA', 26, 1, 255000),
(77, 1, 3, 4936, 'BE 2491 CU', 2012, 'Mercedez Benz', 'MHL 368 006 CJ 002 230', '906 998 U0 976 780', 'ANTAR KOTA', 26, 2, 235000),
(78, 1, 3, 4937, 'BE 2943 CU', 2012, 'Mercedez Benz', 'MHL 368 006 CJ 002 231', '906 998 U0 977 015', 'ANTAR KOTA', 26, 3, 160000),
(79, 1, 3, 4938, 'BE 2750 CU', 2012, 'Mercedez Benz', 'MHL 368 006 CJ 002 232', '906 998 U0 976 760', 'ANTAR KOTA', 27, 1, 285000),
(80, 1, 3, 4939, 'BE 2965 CU', 2012, 'Mercedez Benz', 'MHL 368 006 CJ 002 233', '906 998 U0 976 778', 'ANTAR KOTA', 27, 2, 245000),
(81, 1, 3, 5004, 'BE 7239 CU', 2012, 'Mercedes Benz', 'MHL 368 006 CJ 002 073', '906 998 U0 960 590', 'ANTAR KOTA', 27, 3, 210000),
(82, 1, 3, 5005, 'BE 7405 AU', 2012, 'Merecedes benz', 'MHL 368 006 CJ 002 074', '906 998 U0 961 187', 'ANTAR KOTA', 28, 1, 265000),
(83, 1, 3, 5006, 'BE 7091 AU', 2012, 'Merecedes benz', 'MHL 368 006 CJ 002 075', '906 998 U0 961 186', 'ANTAR KOTA', 28, 2, 220000),
(84, 1, 3, 5008, 'BE 7259 AU', 2012, 'Merecedes benz', 'MHL 368 006 CJ 002 077', '906 998 U0 960 981', 'ANTAR KOTA', 28, 3, 200000),
(85, 1, 3, 5006, 'BE 7091 AU', 2012, 'Merecedes benz', 'MHL 368 006 CJ 002 075', '906 998 U0 961 186', 'ANTAR KOTA', 29, 1, 255000),
(86, 1, 3, 5009, 'BE 7867 AU', 2012, 'Merecedes benz', 'MHL 368 006 CJ 002 078', '906 998 U0 960 977', 'ANTAR KOTA', 29, 2, 205000),
(87, 1, 3, 5008, 'BE 7259 AU', 2012, 'Merecedes benz', 'MHL 368 006 CJ 002 077', '906 998 U0 960 981', 'ANTAR KOTA', 29, 3, 190000),
(88, 1, 3, 5010, 'BE 7168 AU', 2012, 'Merecedes benz', 'MHL 368 006 CJ 002 079', '906 998 U0 960 979', 'ANTAR KOTA', 30, 1, 265000),
(89, 1, 3, 5009, 'BE 7867 AU', 2012, 'Merecedes benz', 'MHL 368 006 CJ 002 078', '906 998 U0 960 977', 'ANTAR KOTA', 30, 2, 230000),
(90, 1, 3, 5011, 'BE 7336 CU', 2012, 'Merecedes benz', 'MHL 368 006 CJ 002 107', '906 998 U0 961 625', 'ANTAR KOTA', 30, 3, 195000),
(91, 1, 3, 5010, 'BE 7168 AU', 2012, 'Merecedes benz', 'MHL 368 006 CJ 002 079', '906 998 U0 960 979', 'ANTAR KOTA', 31, 1, 235000),
(92, 1, 3, 5012, 'BE 7516 AU', 2012, 'Merecedes benz', 'MHL 368 006 CJ 002 109', '906 998 U0 961 626', 'ANTAR KOTA', 31, 2, 205000),
(93, 1, 3, 5013, 'BE 7257 CU', 2012, 'Merecedes benz', 'MHL 368 006 CJ 002 110', '906 998 U0 961 953', 'ANTAR KOTA', 31, 3, 160000),
(94, 1, 3, 5011, 'BE 7336 CU', 2012, 'Merecedes benz', 'MHL 368 006 CJ 002 107', '906 998 U0 961 625', 'ANTAR KOTA', 32, 1, 255000),
(95, 1, 3, 5250, 'BE 2970 CU', 2013, 'Merecedes benz', 'MHL 3681 006 DJ 000 409', '906 998 U1 030 214', 'ANTAR KOTA', 32, 2, 235000),
(96, 1, 3, 5012, 'BE 7516 AU', 2012, 'Merecedes benz', 'MHL 368 006 CJ 002 109', '906 998 U0 961 626', 'ANTAR KOTA', 32, 3, 160000),
(97, 1, 3, 5251, 'BE 2993 CU', 2013, 'Merecedes benz', 'MHL 3681 006 DJ 000 521', '906 998 U1 034 306', 'ANTAR KOTA', 33, 1, 285000),
(98, 1, 3, 5013, 'BE 7257 CU', 2012, 'Merecedes benz', 'MHL 368 006 CJ 002 110', '906 998 U0 961 953', 'ANTAR KOTA', 33, 2, 245000),
(99, 1, 3, 5252, 'BE 2961 CU', 2013, 'Merecedes benz', 'MHL 3681 006 DJ 000 522', '906 998 U1 034 302', 'ANTAR KOTA', 33, 3, 210000),
(100, 1, 3, 4499, 'BE 2583 CU', 2009, 'Merecedes benz', 'MHL 368 006 9J 000 171', '904 973 U0 801 554', 'ANTAR KOTA', 34, 1, 265000),
(101, 1, 3, 5250, 'BE 2970 CU', 2013, 'Merecedes benz', 'MHL 3681 006 DJ 000 409', '906 998 U1 030 214', 'ANTAR KOTA', 34, 2, 220000),
(102, 1, 3, 4500, 'BE 2591 CU', 2009, 'Merecedes benz', 'MHL 368 006 9J 000 174', '904 973 U0 801 572', 'ANTAR KOTA', 34, 3, 200000),
(103, 1, 3, 5251, 'BE 2993 CU', 2013, 'Merecedes benz', 'MHL 3681 006 DJ 000 521', '906 998 U1 034 306', 'ANTAR KOTA', 35, 1, 255000),
(104, 1, 3, 5252, 'BE 2961 CU', 2013, 'Merecedes benz', 'MHL 3681 006 DJ 000 522', '906 998 U1 034 302', 'ANTAR KOTA', 35, 2, 205000),
(105, 1, 3, 4501, 'BE 2592 CU', 2009, 'Merecedes benz', 'MHL 368 006 9J 000 175', '904 973 U0 802 800', 'ANTAR KOTA', 35, 3, 190000),
(106, 1, 3, 4502, 'BE 2593 CU', 2009, 'Merecedes benz', 'MHL 368 006 9J 000 176', '904 973 U0 793 321', 'ANTAR KOTA', 36, 1, 265000),
(107, 1, 3, 4499, 'BE 2583 CU', 2009, 'Merecedes benz', 'MHL 368 006 9J 000 171', '904 973 U0 801 554', 'ANTAR KOTA', 36, 2, 230000),
(108, 1, 3, 4503, 'BE 2590 CU', 2009, 'Merecedes benz', 'MHL 368 006 9J 000 177', '904 973 U0 802 758', 'ANTAR KOTA', 36, 3, 195000),
(109, 1, 3, 4500, 'BE 2591 CU', 2009, 'Merecedes benz', 'MHL 368 006 9J 000 174', '904 973 U0 801 572', 'ANTAR KOTA', 37, 1, 235000),
(110, 1, 3, 4504, 'BE 2602 CU', 2009, 'Merecedes benz', 'MHL 368 006 9J 000 178', '904 973 U0 802 768', 'ANTAR KOTA', 37, 2, 205000),
(111, 1, 3, 4501, 'BE 2592 CU', 2009, 'Merecedes benz', 'MHL 368 006 9J 000 175', '904 973 U0 802 800', 'ANTAR KOTA', 37, 3, 160000),
(112, 1, 3, 4505, 'BE 2582 CU', 2009, 'Merecedes benz', 'MHL 368 006 9J 000 179', '904 973 U0 802 780', 'ANTAR KOTA', 38, 1, 255000),
(113, 1, 3, 4502, 'BE 2593 CU', 2009, 'Merecedes benz', 'MHL 368 006 9J 000 176', '904 973 U0 793 321', 'ANTAR KOTA', 38, 2, 235000),
(114, 1, 3, 4506, 'BE 2581 CU', 2009, 'Merecedes benz', 'MHL 368 006 9J 000 180', '904 973 U0 811 690', 'ANTAR KOTA', 38, 3, 160000),
(115, 1, 3, 5311, 'BE.2868 CU', 2013, 'Merecedes benz', 'MHL 3681 006 DJ 000 568', '906 998 UI 035 198', 'ANTAR KOTA', 39, 1, 285000),
(116, 1, 3, 4503, 'BE 2590 CU', 2009, 'Merecedes benz', 'MHL 368 006 9J 000 177', '904 973 U0 802 758', 'ANTAR KOTA', 39, 2, 245000),
(117, 1, 3, 5314, 'BE 2189 CU', 2013, 'Merecedes benz', 'MHL 3681 006 DJ 000 571', '906 998 UI 035 204', 'ANTAR KOTA', 39, 3, 210000),
(118, 1, 3, 4504, 'BE 2602 CU', 2009, 'Merecedes benz', 'MHL 368 006 9J 000 178', '904 973 U0 802 768', 'ANTAR KOTA', 40, 1, 265000),
(119, 1, 3, 4505, 'BE 2582 CU', 2009, 'Merecedes benz', 'MHL 368 006 9J 000 179', '904 973 U0 802 780', 'ANTAR KOTA', 40, 2, 220000),
(120, 1, 3, 5315, 'BE 2866 CU', 2013, 'Merecedes benz', 'MHL 3681 006 DJ 000 573', '906 998 UI 035 208', 'ANTAR KOTA', 40, 3, 200000),
(121, 1, 3, 4757, 'BE 2142 CU', 2006, 'Merecedes benz', 'MHL 382 123 6J 011 458', '906 918 U0 667 301', 'ANTAR KOTA', 41, 1, 255000),
(122, 1, 3, 4506, 'BE 2581 CU', 2009, 'Merecedes benz', 'MHL 368 006 9J 000 180', '904 973 U0 811 690', 'ANTAR KOTA', 41, 2, 205000),
(123, 1, 3, 5531, 'BE 2835 BU', 2014, 'Merecedes benz', 'MHL 368 100 EJ 000 717', '906 998 U1 056 181', 'ANTAR KOTA', 41, 3, 190000),
(124, 1, 3, 5311, 'BE.2868 CU', 2013, 'Merecedes benz', 'MHL 3681 006 DJ 000 568', '906 998 UI 035 198', 'ANTAR KOTA', 42, 1, 265000),
(125, 1, 3, 5314, 'BE 2189 CU', 2013, 'Merecedes benz', 'MHL 3681 006 DJ 000 571', '906 998 UI 035 204', 'ANTAR KOTA', 42, 2, 230000),
(126, 1, 3, 5532, 'BE 2817 BU', 2014, 'Merecedes benz', 'MHL 368 100 EJ 000 718', '906 998 U1 055 850', 'ANTAR KOTA', 42, 3, 195000),
(127, 1, 3, 5315, 'BE 2866 CU', 2013, 'Merecedes benz', 'MHL 3681 006 DJ 000 573', '906 998 UI 035 208', 'ANTAR KOTA', 43, 1, 285000),
(128, 1, 3, 4757, 'BE 2142 CU', 2006, 'Merecedes benz', 'MHL 382 123 6J 011 458', '906 918 U0 667 301', 'ANTAR KOTA', 43, 2, 245000),
(129, 1, 3, 5533, 'BE 2781 BU', 2014, 'Merecedes benz', 'MHL 368 100 EJ 000 719', '906 998 U1 085 716', 'ANTAR KOTA', 43, 3, 210000),
(130, 1, 3, 5531, 'BE 2835 BU', 2014, 'Merecedes benz', 'MHL 368 100 EJ 000 717', '906 998 U1 056 181', 'ANTAR KOTA', 44, 1, 265000),
(131, 1, 3, 5534, 'BE 2775 BU', 2014, 'Merecedes benz', 'MHL 368 100 EJ 000 720', '906 998 U1 056 658', 'ANTAR KOTA', 44, 2, 220000),
(132, 1, 3, 5532, 'BE 2817 BU', 2014, 'Merecedes benz', 'MHL 368 100 EJ 000 718', '906 998 U1 055 850', 'ANTAR KOTA', 44, 3, 200000),
(133, 1, 3, 5535, 'BE 2807 BU', 2014, 'Merecedes benz', 'MHL 368 100 EJ 000 721', '906 998 U1 084 546', 'ANTAR KOTA', 45, 1, 255000),
(134, 1, 3, 5533, 'BE 2781 BU', 2014, 'Merecedes benz', 'MHL 368 100 EJ 000 719', '906 998 U1 085 716', 'ANTAR KOTA', 45, 2, 205000),
(135, 1, 3, 5536, 'BE 2810 BU', 2014, 'Merecedes benz', 'MHL 368 100 EJ 000 722', '906 998 U1 084 547', 'ANTAR KOTA', 45, 3, 190000),
(136, 1, 3, 5534, 'BE 2775 BU', 2014, 'Merecedes benz', 'MHL 368 100 EJ 000 720', '906 998 U1 056 658', 'ANTAR KOTA', 46, 1, 265000),
(137, 1, 3, 5537, 'BE 2763 BU', 2014, 'Merecedes benz', 'MHL 368 100 EJ 000 723', '906 998 U1 084 539', 'ANTAR KOTA', 46, 2, 230000),
(138, 1, 3, 5535, 'BE 2807 BU', 2014, 'Merecedes benz', 'MHL 368 100 EJ 000 721', '906 998 U1 084 546', 'ANTAR KOTA', 46, 3, 195000),
(139, 1, 3, 5538, 'BE 2744  B', 2014, 'Merecedes benz', 'MHL 368 100 EJ 000 724', '906 998 U1 084 548', 'ANTAR KOTA', 1, 1, 235000),
(140, 1, 3, 5536, 'BE 2810 BU', 2014, 'Merecedes benz', 'MHL 368 100 EJ 000 722', '906 998 U1 084 547', 'ANTAR KOTA', 1, 2, 205000),
(141, 1, 3, 5537, 'BE 2763 BU', 2014, 'Merecedes benz', 'MHL 368 100 EJ 000 723', '906 998 U1 084 539', 'ANTAR KOTA', 1, 3, 160000),
(142, 1, 3, 5539, 'BE 2911 BU', 2014, 'Merecedes benz', 'MHL 368 100 EJ 000 725', '906 998 U1 084 549', 'ANTAR KOTA', 2, 1, 255000),
(143, 1, 3, 5538, 'BE 2744  B', 2014, 'Merecedes benz', 'MHL 368 100 EJ 000 724', '906 998 U1 084 548', 'ANTAR KOTA', 2, 2, 235000),
(144, 1, 3, 5540, 'BE 2678  B', 2014, 'Merecedes benz', 'MHL 368 100 EJ 000 726', '906 998 U1 084 545', 'ANTAR KOTA', 2, 3, 160000),
(145, 1, 3, 5539, 'BE 2911 BU', 2014, 'Merecedes benz', 'MHL 368 100 EJ 000 725', '906 998 U1 084 549', 'ANTAR KOTA', 3, 1, 285000),
(146, 1, 3, 5541, 'BE 2654 BU', 2014, 'Merecedes benz', 'MHL 368 100 EJ 000 727', '906 998 U1 084 543', 'ANTAR KOTA', 3, 2, 245000),
(147, 1, 3, 5540, 'BE 2678  B', 2014, 'Merecedes benz', 'MHL 368 100 EJ 000 726', '906 998 U1 084 545', 'ANTAR KOTA', 3, 3, 210000),
(148, 1, 3, 5529, 'BE 2673 BU', 2014, 'Merecedes benz', 'MHL 368 100 EJ 000 715', '906 998 U1 055 892', 'ANTAR KOTA', 4, 1, 265000),
(149, 1, 3, 5541, 'BE 2654 BU', 2014, 'Merecedes benz', 'MHL 368 100 EJ 000 727', '906 998 U1 084 543', 'ANTAR KOTA', 4, 2, 220000),
(150, 1, 3, 5529, 'BE 2673 BU', 2014, 'Merecedes benz', 'MHL 368 100 EJ 000 715', '906 998 U1 055 892', 'ANTAR KOTA', 4, 3, 200000),
(151, 1, 3, 5530, 'BE 2871 BU', 2014, 'Merecedes benz', 'MHL 368 100 EJ 000 716', '906 998 U1 055 854', 'ANTAR KOTA', 5, 1, 255000),
(152, 1, 3, 5530, 'BE 2871 BU', 2014, 'Merecedes benz', 'MHL 368 100 EJ 000 716', '906 998 U1 055 854', 'ANTAR KOTA', 5, 2, 205000),
(153, 1, 3, 2987, 'BE 2137 CU', 1991, 'Merecedes benz', 'MHL 684 200 26 003 306', '386 951 60 070 861', 'ANTAR KOTA', 5, 3, 190000),
(154, 1, 3, 2987, 'BE 2137 CU', 1991, 'Merecedes benz', 'MHL 684 200 26 003 306', '386 951 60 070 861', 'ANTAR KOTA', 6, 1, 265000),
(155, 1, 3, 3628, 'BE.2230 CU', 2000, 'Merecedes benz', 'MHL 684 262 YJ 008 782', '386 981 60 371 873', 'ANTAR KOTA', 6, 2, 230000),
(156, 1, 3, 3628, 'BE.2230 CU', 2000, 'Merecedes benz', 'MHL 684 262 YJ 008 782', '386 981 60 371 873', 'ANTAR KOTA', 6, 3, 195000),
(157, 1, 3, 3645, 'BE 2844 BU', 2000, 'Merecedes benz', 'MHL 684 262 YJ 008 935', '386 981 60 380 534', 'ANTAR KOTA', 7, 1, 235000),
(158, 1, 3, 3645, 'BE 2844 BU', 2000, 'Merecedes benz', 'MHL 684 262 YJ 008 935', '386 981 60 380 534', 'ANTAR KOTA', 7, 2, 205000),
(159, 1, 3, 3647, 'BE 2523 CU', 2001, 'Merecedes benz', 'MHL 684 262 YJ 008 940', '386 981 60 380 770', 'ANTAR KOTA', 7, 3, 160000),
(160, 1, 3, 3647, 'BE 2523 CU', 2001, 'Merecedes benz', 'MHL 684 262 YJ 008 940', '386 981 60 380 770', 'ANTAR KOTA', 8, 1, 255000),
(161, 1, 3, 3824, 'BE 2346 AH', 2002, 'Merecedes benz', 'MHL 684 201 2J 009 984', '386 951 60 521 814', 'ANTAR KOTA', 8, 2, 235000),
(162, 1, 3, 3824, 'BE 2346 AH', 2002, 'Merecedes benz', 'MHL 684 201 2J 009 984', '386 951 60 521 814', 'ANTAR KOTA', 8, 3, 160000),
(163, 1, 3, 3825, 'BE 2504 AH', 2002, 'Merecedes benz', 'MHL 684 201 2J 009 985', '386 951 60 521 815', 'ANTAR KOTA', 9, 1, 285000),
(164, 1, 3, 3825, 'BE 2504 AH', 2002, 'Merecedes benz', 'MHL 684 201 2J 009 985', '386 951 60 521 815', 'ANTAR KOTA', 9, 2, 245000),
(165, 1, 3, 3826, 'BE 2296 AH', 2002, 'Merecedes benz', 'MHL 684 201 2J 009 986', '386 951 60 521 816', 'ANTAR KOTA', 9, 3, 210000),
(166, 1, 3, 3827, 'BE 2325 AH', 2002, 'Merecedes benz', 'MHL 684 201 2J 009 987', '386 951 60 521 817', 'ANTAR KOTA', 10, 1, 265000),
(167, 1, 3, 3826, 'BE 2296 AH', 2002, 'Merecedes benz', 'MHL 684 201 2J 009 986', '386 951 60 521 816', 'ANTAR KOTA', 10, 2, 220000),
(168, 1, 3, 3828, 'BE 2473 AH', 2002, 'Merecedes benz', 'MHL 684 201 2J 009 988', '386 951 60 521 818', 'ANTAR KOTA', 10, 3, 200000),
(169, 1, 3, 3827, 'BE 2325 AH', 2002, 'Merecedes benz', 'MHL 684 201 2J 009 987', '386 951 60 521 817', 'ANTAR KOTA', 11, 1, 255000),
(170, 1, 3, 3829, 'BE 2315 AH', 2002, 'Merecedes benz', 'MHL 684 201 2J 009 989', '386 951 60 521 819', 'ANTAR KOTA', 11, 2, 205000),
(171, 1, 3, 3830, 'BE 2342 AH', 2002, 'Merecedes benz', 'MHL 684 201 2J 009 990', '386 951 60 521 820', 'ANTAR KOTA', 11, 3, 190000),
(172, 1, 3, 3828, 'BE 2473 AH', 2002, 'Merecedes benz', 'MHL 684 201 2J 009 988', '386 951 60 521 818', 'ANTAR KOTA', 12, 1, 265000),
(173, 1, 3, 3829, 'BE 2315 AH', 2002, 'Merecedes benz', 'MHL 684 201 2J 009 989', '386 951 60 521 819', 'ANTAR KOTA', 12, 2, 230000),
(174, 1, 3, 3831, 'BE 2301 AH', 2002, 'Merecedes benz', 'MHL 684 201 2J 009 991', '386 951 60 521 821', 'ANTAR KOTA', 12, 3, 195000),
(175, 1, 3, 3830, 'BE 2342 AH', 2002, 'Merecedes benz', 'MHL 684 201 2J 009 990', '386 951 60 521 820', 'ANTAR KOTA', 13, 1, 235000),
(176, 1, 3, 3831, 'BE 2301 AH', 2002, 'Merecedes benz', 'MHL 684 201 2J 009 991', '386 951 60 521 821', 'ANTAR KOTA', 13, 2, 205000),
(177, 1, 3, 3832, 'BE 2914 AE', 2002, 'Merecedes benz', 'MHL 684 201 2J 009 992', '386 951 60 521 822', 'ANTAR KOTA', 13, 3, 160000),
(178, 1, 3, 3832, 'BE 2914 AE', 2002, 'Merecedes benz', 'MHL 684 201 2J 009 992', '386 951 60 521 822', 'ANTAR KOTA', 14, 1, 255000),
(179, 1, 3, 4507, 'BE 2580 CU', 2009, 'Merecedes benz', 'MHL 368 006 9J 000 181', '904 973 U0 804 555', 'ANTAR KOTA', 14, 2, 235000),
(180, 1, 3, 4507, 'BE 2580 CU', 2009, 'Merecedes benz', 'MHL 368 006 9J 000 181', '904 973 U0 804 555', 'ANTAR KOTA', 14, 3, 160000),
(181, 1, 3, 4508, 'BE 2604 CU', 2009, 'Merecedes benz', 'MHL 368 006 9J 000 182', '904 973 U0 804 329', 'ANTAR KOTA', 15, 1, 285000),
(182, 1, 3, 4508, 'BE 2604 CU', 2009, 'Merecedes benz', 'MHL 368 006 9J 000 182', '904 973 U0 804 329', 'ANTAR KOTA', 15, 2, 245000),
(183, 1, 3, 4509, 'BE 2605 CU', 2009, 'Merecedes benz', 'MHL 368 006 9J 000 190', '904 973 U0 804 541', 'ANTAR KOTA', 15, 3, 210000),
(184, 1, 3, 4509, 'BE 2605 CU', 2009, 'Merecedes benz', 'MHL 368 006 9J 000 190', '904 973 U0 804 541', 'ANTAR KOTA', 16, 1, 265000),
(185, 1, 3, 4510, 'BE 2612 CU', 2009, 'Merecedes benz', 'MHL 368 006 9J 000 189', '904 973 U0 804 786', 'ANTAR KOTA', 16, 2, 220000),
(186, 1, 3, 4510, 'BE 2612 CU', 2009, 'Merecedes benz', 'MHL 368 006 9J 000 189', '904 973 U0 804 786', 'ANTAR KOTA', 16, 3, 200000),
(187, 1, 3, 4511, 'BE 2614 CU', 2009, 'Merecedes benz', 'MHL 368 006 9J 000 191', '904 973 U0 804 310', 'ANTAR KOTA', 17, 1, 255000),
(188, 1, 3, 4511, 'BE 2614 CU', 2009, 'Merecedes benz', 'MHL 368 006 9J 000 191', '904 973 U0 804 310', 'ANTAR KOTA', 17, 2, 205000),
(189, 1, 3, 4512, 'BE 2615 CU', 2009, 'Merecedes benz', 'MHL 368 006 9J 000 192', '904 973 U0 8047 72', 'ANTAR KOTA', 17, 3, 190000),
(190, 1, 3, 4512, 'BE 2615 CU', 2009, 'Merecedes benz', 'MHL 368 006 9J 000 192', '904 973 U0 8047 72', 'ANTAR KOTA', 18, 1, 265000),
(191, 1, 3, 4513, 'BE 2603 CU', 2009, 'Merecedes benz', 'MHL 368 006 9J 000 187', '904 973 U0 804 589', 'ANTAR KOTA', 18, 2, 230000),
(192, 1, 3, 4513, 'BE 2603 CU', 2009, 'Merecedes benz', 'MHL 368 006 9J 000 187', '904 973 U0 804 589', 'ANTAR KOTA', 18, 3, 195000),
(193, 1, 3, 4514, 'BE 2613 CU', 2009, 'Merecedes benz', 'MHL 368 006 9J 000 188', '904 973 U0 804 351', 'ANTAR KOTA', 19, 1, 235000),
(194, 1, 3, 4514, 'BE 2613 CU', 2009, 'Merecedes benz', 'MHL 368 006 9J 000 188', '904 973 U0 804 351', 'ANTAR KOTA', 19, 2, 205000),
(195, 1, 3, 4752, 'BE 2166 CU', 2006, 'Merecedes benz', 'MHL 382 123 6J 011 448', '906 918 U0 656 880', 'ANTAR KOTA', 19, 3, 160000),
(196, 1, 3, 4752, 'BE 2166 CU', 2006, 'Merecedes benz', 'MHL 382 123 6J 011 448', '906 918 U0 656 880', 'ANTAR KOTA', 20, 1, 255000),
(197, 1, 3, 4754, 'BE 2342 CU', 2006, 'Merecedes benz', 'MHL 382 123 6J 011 457', '906 918 U0 657 460', 'ANTAR KOTA', 20, 2, 235000),
(198, 1, 3, 4754, 'BE 2342 CU', 2006, 'Merecedes benz', 'MHL 382 123 6J 011 457', '906 918 U0 657 460', 'ANTAR KOTA', 20, 3, 160000),
(199, 1, 3, 4760, 'BE 7114 CU', 2006, 'Merecedes benz', 'MHL 382 123 6J 011 463', '906 918 U0 661 339', 'ANTAR KOTA', 21, 1, 285000),
(200, 1, 3, 4760, 'BE 7114 CU', 2006, 'Merecedes benz', 'MHL 382 123 6J 011 463', '906 918 U0 661 339', 'ANTAR KOTA', 21, 2, 245000),
(201, 1, 3, 4761, 'BE 2422 AU', 2006, 'Merecedes benz', 'MHL 382 123 6J 011 476', '906 918 U0 661 998', 'ANTAR KOTA', 21, 3, 210000),
(202, 1, 3, 4761, 'BE 2422 AU', 2006, 'Merecedes benz', 'MHL 382 123 6J 011 476', '906 918 U0 661 998', 'ANTAR KOTA', 22, 1, 265000),
(203, 1, 3, 4762, 'BE 2455 AU', 2006, 'Merecedes benz', 'MHL 382 123 6J 011 456', '906 918 U0 657 463', 'ANTAR KOTA', 22, 2, 220000),
(204, 1, 3, 4762, 'BE 2455 AU', 2006, 'Merecedes benz', 'MHL 382 123 6J 011 456', '906 918 U0 657 463', 'ANTAR KOTA', 22, 3, 200000),
(205, 1, 3, 4763, 'BE 2434 AU', 2006, 'Merecedes benz', 'MHL 382 123 6J 011 445', '906 918 U0 655 177', 'ANTAR KOTA', 23, 1, 255000),
(206, 1, 3, 4763, 'BE 2434 AU', 2006, 'Merecedes benz', 'MHL 382 123 6J 011 445', '906 918 U0 655 177', 'ANTAR KOTA', 23, 2, 205000),
(207, 1, 3, 4764, 'BE 2403 AU', 2006, 'Merecedes benz', 'MHL 382 123 6J 011 464', '906 918 U0 661 342', 'ANTAR KOTA', 23, 3, 190000),
(208, 1, 3, 4764, 'BE 2403 AU', 2006, 'Merecedes benz', 'MHL 382 123 6J 011 464', '906 918 U0 661 342', 'ANTAR KOTA', 24, 1, 265000),
(209, 1, 3, 5312, 'BE 2136 CU', 2013, 'Merecedes benz', 'MHL 3681 006 DJ 000 569', '906 998 UI 034 992', 'ANTAR KOTA', 24, 2, 230000),
(210, 1, 3, 5312, 'BE 2136 CU', 2013, 'Merecedes benz', 'MHL 3681 006 DJ 000 569', '906 998 UI 034 992', 'ANTAR KOTA', 24, 3, 195000),
(211, 1, 3, 5313, 'BE 2235 CU', 2013, 'Merecedes benz', 'MHL 3681 006 DJ 000 572', '906 998 UI 035 208', 'ANTAR KOTA', 25, 1, 235000),
(212, 1, 3, 4725, 'BE 2943 BU', 2011, 'Merecedes benz', 'MHL 3681 006 AJ 000 365', '904 973 UO 826 434', 'ANTAR KOTA', 25, 2, 205000),
(213, 1, 3, 5313, 'BE 2235 CU', 2013, 'Merecedes benz', 'MHL 3681 006 DJ 000 572', '906 998 UI 035 208', 'ANTAR KOTA', 25, 3, 160000),
(214, 1, 3, 4725, 'BE 2943 BU', 2011, 'Merecedes benz', 'MHL 3681 006 AJ 000 365', '904 973 UO 826 434', 'ANTAR KOTA', 26, 1, 255000),
(215, 1, 3, 4726, 'BE 2809 BU', 2011, 'Merecedes benz', 'MHL 3681 006 AJ 000 346', '904 973 UO 823 557', 'ANTAR KOTA', 26, 2, 235000),
(216, 1, 3, 4726, 'BE 2809 BU', 2011, 'Merecedes benz', 'MHL 3681 006 AJ 000 346', '904 973 UO 823 557', 'ANTAR KOTA', 26, 3, 160000),
(217, 1, 3, 4727, 'BE 2938 BU', 2011, 'Merecedes benz', 'MHL 3681 006 AJ 000 261', '904 973 UO 819 306', 'ANTAR KOTA', 27, 1, 285000),
(218, 1, 3, 4727, 'BE 2938 BU', 2011, 'Merecedes benz', 'MHL 3681 006 AJ 000 261', '904 973 UO 819 306', 'ANTAR KOTA', 27, 2, 245000),
(219, 1, 3, 2967, 'BE.2171 CU', 1991, 'Merecedes benz', 'MHL 684 200 26 003 286', '386 951 60 069 840', 'ANTAR KOTA', 27, 3, 210000),
(220, 1, 3, 2967, 'BE.2171 CU', 1991, 'Merecedes benz', 'MHL 684 200 26 003 286', '386 951 60 069 840', 'ANTAR KOTA', 28, 1, 265000),
(221, 1, 3, 2990, 'BE 2896 BU', 1991, 'Merecedes benz', 'MHL 386 951 60 061 446', '684 200 26 003 063', 'ANTAR KOTA', 28, 2, 220000),
(222, 1, 3, 2941, 'BE.2316 CU', 1991, 'Merecedes benz', 'MHL 684 200 26 003 088', '386 951 60 061 885', 'ANTAR KOTA', 28, 3, 200000),
(223, 1, 3, 2990, 'BE 2896 BU', 1991, 'Merecedes benz', 'MHL 386 951 60 061 446', '684 200 26 003 063', 'ANTAR KOTA', 29, 1, 255000),
(224, 1, 3, 3399, 'BE 2759 CU', 1994, 'Merecedes benz', 'MHL 684 200 TL 005 525', '386 951 60 275 562', 'ANTAR KOTA', 29, 2, 205000),
(225, 1, 3, 2941, 'BE.2316 CU', 1991, 'Merecedes benz', 'MHL 684 200 26 003 088', '386 951 60 061 885', 'ANTAR KOTA', 29, 3, 190000),
(226, 1, 3, 4268, 'BE 2867 BS', 2007, 'Isuzu', 'B 007334', 'MHCNK71LY7J007334', 'ANTAR KOTA', 30, 1, 265000),
(227, 1, 3, 3399, 'BE 2759 CU', 1994, 'Merecedes benz', 'MHL 684 200 TL 005 525', '386 951 60 275 562', 'ANTAR KOTA', 30, 2, 230000),
(228, 1, 3, 4269, 'BE 2866 BS', 2007, 'Isuzu', 'B 007335', 'MHCNK71LY7J007335', 'ANTAR KOTA', 30, 3, 195000),
(229, 1, 3, 4270, 'BE 2865 BS', 2007, 'Isuzu', 'B 007336', 'MHCNK71LY7J007336', 'ANTAR KOTA', 31, 1, 235000),
(230, 1, 3, 4268, 'BE 2867 BS', 2007, 'Isuzu', 'B 007334', 'MHCNK71LY7J007334', 'ANTAR KOTA', 31, 2, 205000),
(231, 1, 3, 4273, 'BE 2862 BS', 2007, 'Isuzu', 'B 007339', 'MHCNK71LY7J007339', 'ANTAR KOTA', 31, 3, 160000),
(232, 1, 3, 4269, 'BE 2866 BS', 2007, 'Isuzu', 'B 007335', 'MHCNK71LY7J007335', 'ANTAR KOTA', 32, 1, 255000),
(233, 1, 3, 4274, 'BE 2861 BS', 2007, 'Isuzu', 'B 007340', 'MHCNK71LY7J007340', 'ANTAR KOTA', 32, 2, 235000),
(234, 1, 3, 4270, 'BE 2865 BS', 2007, 'Isuzu', 'B 007336', 'MHCNK71LY7J007336', 'ANTAR KOTA', 32, 3, 160000),
(235, 1, 3, 4275, 'BE 2859 BS', 2007, 'Isuzu', 'B 007341', 'MHCNK71LY7J007341', 'ANTAR KOTA', 33, 1, 285000),
(236, 1, 3, 4273, 'BE 2862 BS', 2007, 'Isuzu', 'B 007339', 'MHCNK71LY7J007339', 'ANTAR KOTA', 33, 2, 245000),
(237, 1, 3, 4276, 'BE 2860 BS', 2007, 'Isuzu', 'B 007342', 'MHCNK71LY7J007342', 'ANTAR KOTA', 33, 3, 210000),
(238, 1, 3, 4274, 'BE 2861 BS', 2007, 'Isuzu', 'B 007340', 'MHCNK71LY7J007340', 'ANTAR KOTA', 34, 1, 265000),
(239, 1, 3, 4278, 'BE 2857 BS', 2007, 'Isuzu', 'B 007344', 'MHCNK71LY7J007344', 'ANTAR KOTA', 34, 2, 220000),
(240, 1, 3, 4275, 'BE 2859 BS', 2007, 'Isuzu', 'B 007341', 'MHCNK71LY7J007341', 'ANTAR KOTA', 34, 3, 200000),
(241, 1, 3, 4279, 'BE 2856 BS', 2007, 'Isuzu', 'B 007381', 'MHCNK71LY7J007381', 'ANTAR KOTA', 35, 1, 255000),
(242, 1, 3, 4276, 'BE 2860 BS', 2007, 'Isuzu', 'B 007342', 'MHCNK71LY7J007342', 'ANTAR KOTA', 35, 2, 205000),
(243, 1, 3, 4280, 'BE 2855 BS', 2007, 'Isuzu', 'B 007382', 'MHCNK71LY7J007382', 'ANTAR KOTA', 35, 3, 190000),
(244, 1, 3, 4278, 'BE 2857 BS', 2007, 'Isuzu', 'B 007344', 'MHCNK71LY7J007344', 'ANTAR KOTA', 36, 1, 265000),
(245, 1, 3, 5414, 'BE 2398 CU', 2013, 'Hino 130MDBL', 'W04DIRJ-79520', 'MJEC1JG43ID50-80228', 'ANTAR KOTA', 36, 2, 230000),
(246, 1, 3, 4279, 'BE 2856 BS', 2007, 'Isuzu', 'B 007381', 'MHCNK71LY7J007381', 'ANTAR KOTA', 36, 3, 195000),
(247, 1, 3, 5490, 'BE 2855 BU', 2014, 'Hino 130MDBL', 'W04DT-RR-06785', 'MJE C1JG4 3E-5107519', 'ANTAR KOTA', 37, 1, 235000),
(248, 1, 3, 4280, 'BE 2855 BS', 2007, 'Isuzu', 'B 007382', 'MHCNK71LY7J007382', 'ANTAR KOTA', 37, 2, 205000),
(249, 1, 3, 5491, 'BE 2961 BU', 2014, 'Hino 130MDBL', 'W04DT-RR-06798', 'MJE C1JG4 3E-5107797', 'ANTAR KOTA', 37, 3, 160000),
(250, 1, 3, 5414, 'BE 2398 CU', 2013, 'Hino 130MDBL', 'W04DIRJ-79520', 'MJEC1JG43ID50-80228', 'ANTAR KOTA', 38, 1, 255000),
(251, 1, 3, 5490, 'BE 2855 BU', 2014, 'Hino 130MDBL', 'W04DT-RR-06785', 'MJE C1JG4 3E-5107519', 'ANTAR KOTA', 38, 2, 235000),
(252, 1, 3, 5769, 'BE 2245 CU', 2015, 'Cold Diesel', '4.D34T L70923', 'NHM FE84 B6J007148', 'ANTAR KOTA', 38, 3, 160000),
(253, 1, 3, 5491, 'BE 2961 BU', 2014, 'Hino 130MDBL', 'W04DT-RR-06798', 'MJE C1JG4 3E-5107797', 'ANTAR KOTA', 39, 1, 285000),
(254, 1, 3, 5769, 'BE 2245 CU', 2015, 'Cold Diesel', '4.D34T L70923', 'NHM FE84 B6J007148', 'ANTAR KOTA', 39, 2, 245000),
(255, 1, 3, 6184, 'BE 7099 BU', 2016, 'Cold Diesel', '4.D34T-P44762', 'NHM FE84 PBGJ007845', 'ANTAR KOTA', 39, 3, 210000),
(256, 1, 3, 6185, 'BE 7100 BU', 2016, 'Cold Diesel', '4.D34T-P44763', 'NHM FE84 PBGJ007846', 'ANTAR KOTA', 40, 1, 265000),
(257, 1, 3, 6184, 'BE 7099 BU', 2016, 'Cold Diesel', '4.D34T-P44762', 'NHM FE84 PBGJ007845', 'ANTAR KOTA', 40, 2, 220000),
(258, 1, 3, 6186, 'BE 7025 BU', 2016, 'Cold Diesel', '4.D34T-P44764', 'NHM FE84 PBGJ007847', 'ANTAR KOTA', 40, 3, 200000),
(259, 1, 3, 6185, 'BE 7100 BU', 2016, 'Cold Diesel', '4.D34T-P44763', 'NHM FE84 PBGJ007846', 'ANTAR KOTA', 41, 1, 255000),
(260, 1, 3, 6187, 'BE 7200 BU', 2016, 'Cold Diesel', '4.D34T-P44765', 'NHM FE84 PBGJ007848', 'ANTAR KOTA', 41, 2, 205000),
(261, 1, 3, 6186, 'BE 7025 BU', 2016, 'Cold Diesel', '4.D34T-P44764', 'NHM FE84 PBGJ007847', 'ANTAR KOTA', 41, 3, 190000),
(262, 1, 3, 6187, 'BE 7200 BU', 2016, 'Cold Diesel', '4.D34T-P44765', 'NHM FE84 PBGJ007848', 'ANTAR KOTA', 42, 1, 265000),
(263, 1, 3, 6188, 'BE 7071 BU', 2016, 'Cold Diesel', '4.D34T-P44770', 'NHM FE84 PBGJ007849', 'ANTAR KOTA', 42, 2, 230000),
(264, 1, 3, 6189, 'BE 7118 BU', 2016, 'Cold Diesel', '4.D34T-P44771', 'NHM FE84 PBGJ007850', 'ANTAR KOTA', 42, 3, 195000),
(265, 1, 3, 6188, 'BE 7071 BU', 2016, 'Cold Diesel', '4.D34T-P44770', 'NHM FE84 PBGJ007849', 'ANTAR KOTA', 43, 1, 285000),
(266, 1, 3, 6190, 'BE 7031 BU', 2016, 'Cold Diesel', '4.D34T-P44772', 'NHM FE84 PBGJ007851', 'ANTAR KOTA', 43, 2, 245000),
(267, 1, 3, 6189, 'BE 7118 BU', 2016, 'Cold Diesel', '4.D34T-P44771', 'NHM FE84 PBGJ007850', 'ANTAR KOTA', 43, 3, 210000),
(268, 1, 3, 6190, 'BE 7031 BU', 2016, 'Cold Diesel', '4.D34T-P44772', 'NHM FE84 PBGJ007851', 'ANTAR KOTA', 44, 1, 265000),
(269, 1, 3, 6191, 'BE 7088 BU', 2016, 'Cold Diesel', '4.D34T-P44773', 'NHM FE84 PBGJ007852', 'ANTAR KOTA', 44, 2, 220000),
(270, 1, 3, 6191, 'BE 7088 BU', 2016, 'Cold Diesel', '4.D34T-P44773', 'NHM FE84 PBGJ007852', 'ANTAR KOTA', 44, 3, 200000),
(271, 1, 3, 6024, 'BE 2712 BU', 2015, 'HINO RK8JSKA-NHJ/260', 'MJERK8JSKEJN 17827', 'JO8EUFJ.72845', 'ANTAR KOTA', 45, 1, 255000),
(272, 1, 3, 6024, 'BE 2712 BU', 2015, 'HINO RK8JSKA-NHJ/260', 'MJERK8JSKEJN 17827', 'JO8EUFJ.72845', 'ANTAR KOTA', 45, 2, 205000),
(273, 1, 3, 6025, 'BE 2897 BU', 2015, 'HINO RK8JSKA-NHJ/260', 'MJERK8JSKEJN 17828', 'JO8EUFJ.72846', 'ANTAR KOTA', 45, 3, 190000),
(274, 1, 3, 6025, 'BE 2897 BU', 2015, 'HINO RK8JSKA-NHJ/260', 'MJERK8JSKEJN 17828', 'JO8EUFJ.72846', 'ANTAR KOTA', 46, 1, 265000),
(275, 1, 3, 6035, 'BE 2831 BU', 2015, 'HINO RK8JSKA-NHJ/260', 'MJERK8JSKEJN 17837', 'JO8EUFJ.72862', 'ANTAR KOTA', 46, 2, 230000),
(276, 1, 3, 6035, 'BE 2831 BU', 2015, 'HINO RK8JSKA-NHJ/260', 'MJERK8JSKEJN 17837', 'JO8EUFJ.72862', 'ANTAR KOTA', 46, 3, 195000),
(277, 1, 3, 6036, 'BE 2947 BU', 2015, 'HINO RK8JSKA-NHJ/260', 'MJERK8JSKEJN 17839', 'JO8EUFJ.72863', 'ANTAR KOTA', 1, 1, 235000),
(278, 1, 3, 6036, 'BE 2947 BU', 2015, 'HINO RK8JSKA-NHJ/260', 'MJERK8JSKEJN 17839', 'JO8EUFJ.72863', 'ANTAR KOTA', 2, 2, 235000),
(279, 1, 3, 6037, 'BE 2839 BU', 2015, 'HINO RK8JSKA-NHJ/260', 'MJERK8JSKEJN 17840', 'JO8EUFJ.72864', 'ANTAR KOTA', 3, 3, 210000),
(280, 1, 3, 6037, 'BE 2839 BU', 2015, 'HINO RK8JSKA-NHJ/260', 'MJERK8JSKEJN 17840', 'JO8EUFJ.72864', 'ANTAR KOTA', 4, 1, 265000),
(281, 1, 3, 6040, 'BE 2769 BU', 2015, 'HINO RK8JSKA-NHJ/260', 'MJERK8JSKEJN 17845', 'JO8EUFJ.72869', 'ANTAR KOTA', 5, 2, 205000),
(282, 1, 3, 6040, 'BE 2769 BU', 2015, 'HINO RK8JSKA-NHJ/260', 'MJERK8JSKEJN 17845', 'JO8EUFJ.72869', 'ANTAR KOTA', 6, 3, 195000),
(283, 1, 3, 6044, 'BE 2706 BU', 2015, 'HINO RK8JSKA-NHJ/260', 'MJERK8JSKEJN 17849', 'JO8EUFJ.72855', 'ANTAR KOTA', 7, 1, 235000),
(284, 1, 3, 6044, 'BE 2706 BU', 2015, 'HINO RK8JSKA-NHJ/260', 'MJERK8JSKEJN 17849', 'JO8EUFJ.72855', 'ANTAR KOTA', 8, 2, 235000),
(285, 1, 3, 6045, 'BE 2748 BU', 2015, 'HINO RK8JSKA-NHJ/260', 'MJERK8JSKEJN 17850', 'JO8EUFJ.72886', 'ANTAR KOTA', 9, 3, 210000),
(286, 1, 3, 6045, 'BE 2748 BU', 2015, 'HINO RK8JSKA-NHJ/260', 'MJERK8JSKEJN 17850', 'JO8EUFJ.72886', 'ANTAR KOTA', 10, 1, 265000),
(287, 1, 3, 6046, 'BE 2821 BU', 2015, 'HINO RK8JSKA-NHJ/260', 'MJERK8JSKEJN 17851', 'JO8EUFJ.72887', 'ANTAR KOTA', 11, 2, 205000),
(288, 1, 3, 6046, 'BE 2821 BU', 2015, 'HINO RK8JSKA-NHJ/260', 'MJERK8JSKEJN 17851', 'JO8EUFJ.72887', 'ANTAR KOTA', 12, 3, 195000),
(289, 1, 3, 6047, 'BE 2823 BU', 2015, 'HINO RK8JSKA-NHJ/260', 'MJERK8JSKEJN 17852', 'JO8EUFJ.72888', 'ANTAR KOTA', 13, 1, 235000),
(290, 1, 3, 6047, 'BE 2823 BU', 2015, 'HINO RK8JSKA-NHJ/260', 'MJERK8JSKEJN 17852', 'JO8EUFJ.72888', 'ANTAR KOTA', 14, 2, 235000),
(291, 1, 3, 4267, 'BE 2868 BS', 2007, 'Isuzu', 'B 007333', 'MHCNK71LY7J007333', 'ANTAR KOTA', 15, 3, 210000),
(292, 1, 3, 4267, 'BE 2868 BS', 2007, 'Isuzu', 'B 007333', 'MHCNK71LY7J007333', 'ANTAR KOTA', 16, 1, 265000),
(293, 1, 3, 4271, 'BE 2864 BS', 2007, 'Isuzu', 'B 007337', 'MHCNK71LY7J007337', 'ANTAR KOTA', 17, 2, 205000),
(294, 1, 3, 4271, 'BE 2864 BS', 2007, 'Isuzu', 'B 007337', 'MHCNK71LY7J007337', 'ANTAR KOTA', 18, 3, 195000),
(295, 1, 3, 4272, 'BE 2863 BS', 2007, 'Isuzu', 'B 007338', 'MHCNK71LY7J007338', 'ANTAR KOTA', 19, 1, 235000),
(296, 1, 3, 4272, 'BE 2863 BS', 2007, 'Isuzu', 'B 007338', 'MHCNK71LY7J007338', 'ANTAR KOTA', 20, 2, 255000),
(297, 1, 3, 4277, 'BE 2858 BS', 2007, 'Isuzu', 'B 007343', 'MHCNK71LY7J007343', 'ANTAR KOTA', 21, 3, 210000),
(298, 1, 3, 4277, 'BE 2858 BS', 2007, 'Isuzu', 'B 007343', 'MHCNK71LY7J007343', 'ANTAR KOTA', 22, 1, 265000),
(299, 1, 3, 4281, 'BE 2854 BS', 2007, 'Isuzu', 'B 007383', 'MHCNK71LY7J007383', 'ANTAR KOTA', 23, 2, 205000),
(300, 1, 3, 4281, 'BE 2854 BS', 2007, 'Isuzu', 'B 007383', 'MHCNK71LY7J007383', 'ANTAR KOTA', 24, 3, 195000),
(301, 1, 3, 4384, 'BE 2981 CU', 2008, 'Hino Dutro', 'MJECIJG 44840-12605', 'W04DTNJ-19520', 'ANTAR KOTA', 25, 1, 235000),
(302, 1, 3, 4385, 'BE 2984 BU', 2008, 'Hino Dutro', 'MJECIJG 44840-12606', 'W04DTNJ-19633', 'ANTAR KOTA', 26, 2, 235000),
(303, 1, 3, 4384, 'BE 2981 CU', 2008, 'Hino Dutro', 'MJECIJG 44840-12605', 'W04DTNJ-19520', 'ANTAR KOTA', 27, 3, 210000),
(304, 1, 3, 4562, 'BE 2713 CU', 2009, 'Hyundai', 'D4DB8376972', 'MJTHP1DBR9J600116', 'ANTAR KOTA', 28, 1, 265000),
(305, 1, 3, 4385, 'BE 2984 BU', 2008, 'Hino Dutro', 'MJECIJG 44840-12606', 'W04DTNJ-19633', 'ANTAR KOTA', 29, 2, 205000),
(306, 1, 3, 4566, 'BE 2721 CU', 2009, 'Hyundai', 'D4DB8376971', 'MJTHP1DBR9J600117', 'ANTAR KOTA', 30, 3, 195000),
(307, 1, 3, 4628, 'BE 2811 CU', 2009, 'Hyundai', 'D4DB8359455', 'MJTHP1DBR4501027', 'ANTAR KOTA', 31, 1, 235000),
(308, 1, 3, 4562, 'BE 2713 CU', 2009, 'Hyundai', 'D4DB8376972', 'MJTHP1DBR9J600116', 'ANTAR KOTA', 32, 2, 235000),
(309, 1, 3, 4566, 'BE 2721 CU', 2009, 'Hyundai', 'D4DB8376971', 'MJTHP1DBR9J600117', 'ANTAR KOTA', 33, 3, 210000),
(310, 1, 3, 4777, 'BE 7649 AU', 2011, 'Isuzu', 'B022299', 'MHCNK71LYBJ022299', 'ANTAR KOTA', 34, 1, 265000),
(311, 1, 3, 4628, 'BE 2811 CU', 2009, 'Hyundai', 'D4DB8359455', 'MJTHP1DBR4501027', 'ANTAR KOTA', 35, 2, 205000),
(312, 1, 3, 4778, 'BE 7763 AU', 2011, 'Isuzu', 'B022300', 'MHCNK71LYBJ022300', 'ANTAR KOTA', 36, 3, 195000),
(313, 1, 3, 4955, 'BE 2610 BU', 2011, 'Isuzu', 'B035079', 'MHCNK71LYBJ035079', 'ANTAR KOTA', 37, 1, 235000),
(314, 1, 3, 4777, 'BE 7649 AU', 2011, 'Isuzu', 'B022299', 'MHCNK71LYBJ022299', 'ANTAR KOTA', 38, 2, 235000),
(315, 1, 3, 4956, 'BE 2599 BU', 2011, 'Isuzu', 'B035129', 'MHCNK71YBJ035129', 'ANTAR KOTA', 39, 3, 210000),
(316, 1, 3, 4778, 'BE 7763 AU', 2011, 'Isuzu', 'B022300', 'MHCNK71LYBJ022300', 'ANTAR KOTA', 40, 1, 265000),
(317, 1, 3, 5007, 'BE 7131 AU', 2012, 'Mercedes Benz', 'MHL 368 006 CJ 002 076', '906 998 U0 961 185', 'ANTAR KOTA', 41, 2, 205000),
(318, 1, 3, 4955, 'BE 2610 BU', 2011, 'Isuzu', 'B035079', 'MHCNK71LYBJ035079', 'ANTAR KOTA', 42, 3, 195000),
(319, 1, 3, 4956, 'BE 2599 BU', 2011, 'Isuzu', 'B035129', 'MHCNK71YBJ035129', 'ANTAR KOTA', 43, 1, 285000),
(320, 1, 3, 5007, 'BE 7131 AU', 2012, 'Mercedes Benz', 'MHL 368 006 CJ 002 076', '906 998 U0 961 185', 'ANTAR KOTA', 44, 2, 220000);

-- --------------------------------------------------------

--
-- Table structure for table `tbl_cabang`
--

CREATE TABLE `tbl_cabang` (
  `id_cabang` int(10) NOT NULL,
  `id_divre` int(10) NOT NULL,
  `nama` varchar(50) NOT NULL,
  `alamat` varchar(100) NOT NULL,
  `provinsi` varchar(100) NOT NULL,
  `kode_pos` int(10) NOT NULL,
  `telp` varchar(15) NOT NULL,
  `fax` varchar(15) NOT NULL,
  `email_cabang` varchar(100) NOT NULL
) ENGINE=InnoDB DEFAULT CHARSET=latin1;

--
-- Dumping data for table `tbl_cabang`
--

INSERT INTO `tbl_cabang` (`id_cabang`, `id_divre`, `nama`, `alamat`, `provinsi`, `kode_pos`, `telp`, `fax`, `email_cabang`) VALUES
(1, 1, 'Damri Pusat', '', '', 0, '', '', ''),
(3, 1, 'Bandar Lampung', 'Jl.Kapt.Abd.Haq No.28', 'LAMPUNG', 35144, '0721-706532', '0721-706532', 'admin.lampung@damri.co.id');

-- --------------------------------------------------------

--
-- Table structure for table `tbl_count`
--

CREATE TABLE `tbl_count` (
  `id_count` int(10) NOT NULL,
  `tgl_berangkat` varchar(15) DEFAULT NULL,
  `id_trayek` int(10) DEFAULT NULL,
  `id_layanan` int(10) DEFAULT NULL,
  `jml_penumpang` int(10) DEFAULT NULL,
  `jml_seat` int(10) DEFAULT NULL
) ENGINE=InnoDB DEFAULT CHARSET=latin1;

--
-- Dumping data for table `tbl_count`
--

INSERT INTO `tbl_count` (`id_count`, `tgl_berangkat`, `id_trayek`, `id_layanan`, `jml_penumpang`, `jml_seat`) VALUES
(1, '2018-09-14', 1, 1, 69, 58),
(2, '2018-09-14', 1, 2, 60, 39),
(3, '2018-09-14', 1, 3, 80, 66),
(4, '2018-09-14', 2, 1, 46, 31),
(5, '2018-09-14', 2, 2, 90, 60),
(6, '2018-09-14', 2, 3, 80, 53),
(7, '2018-09-14', 3, 1, 46, 32),
(8, '2018-09-14', 3, 2, 60, 49),
(9, '2018-09-14', 3, 3, 120, 75),
(10, '2018-09-14', 4, 1, 69, 46),
(11, '2018-09-14', 4, 2, 60, 49),
(12, '2018-09-14', 4, 3, 80, 57),
(13, '2018-09-14', 5, 1, 46, 34),
(14, '2018-09-14', 5, 2, 90, 69),
(15, '2018-09-14', 5, 3, 80, 70),
(16, '2018-09-14', 6, 1, 46, 42),
(17, '2018-09-14', 6, 2, 60, 47),
(18, '2018-09-14', 6, 3, 120, 81),
(19, '2018-09-14', 7, 1, 69, 54),
(20, '2018-09-14', 7, 2, 60, 49),
(21, '2018-09-14', 7, 3, 80, 52),
(22, '2018-09-14', 8, 1, 46, 34),
(23, '2018-09-14', 8, 2, 90, 66),
(24, '2018-09-14', 8, 3, 80, 58),
(25, '2018-09-14', 9, 1, 46, 40),
(26, '2018-09-14', 9, 2, 60, 54),
(27, '2018-09-14', 9, 3, 120, 103),
(28, '2018-09-14', 10, 1, 69, 63),
(29, '2018-09-14', 10, 2, 60, 46),
(30, '2018-09-14', 10, 3, 80, 65),
(31, '2018-09-14', 11, 1, 46, 32),
(32, '2018-09-14', 11, 2, 90, 76),
(33, '2018-09-14', 11, 3, 80, 62),
(34, '2018-09-14', 12, 1, 46, 33),
(35, '2018-09-14', 12, 2, 60, 49),
(36, '2018-09-14', 12, 3, 120, 89),
(37, '2018-09-14', 13, 1, 69, 68),
(38, '2018-09-14', 13, 2, 60, 54),
(39, '2018-09-14', 13, 3, 80, 75),
(40, '2018-09-14', 14, 1, 46, 40),
(41, '2018-09-14', 14, 2, 90, 89),
(42, '2018-09-14', 14, 3, 80, 74),
(43, '2018-09-14', 15, 1, 46, 41),
(44, '2018-09-14', 15, 2, 60, 51),
(45, '2018-09-14', 15, 3, 120, 84),
(46, '2018-09-14', 16, 1, 69, 68),
(47, '2018-09-14', 16, 2, 60, 44),
(48, '2018-09-14', 16, 3, 80, 74),
(49, '2018-09-14', 17, 1, 46, 43),
(50, '2018-09-14', 17, 2, 90, 81),
(51, '2018-09-14', 17, 3, 80, 75),
(52, '2018-09-14', 18, 1, 46, 41),
(53, '2018-09-14', 18, 2, 60, 50),
(54, '2018-09-14', 18, 3, 120, 66),
(55, '2018-09-14', 19, 1, 69, 56),
(56, '2018-09-14', 19, 2, 60, 35),
(57, '2018-09-14', 19, 3, 80, 41),
(58, '2018-09-14', 20, 1, 46, 29),
(59, '2018-09-14', 20, 2, 90, 66),
(60, '2018-09-14', 20, 3, 80, 57),
(61, '2018-09-14', 21, 1, 46, 34),
(62, '2018-09-14', 21, 2, 60, 44),
(63, '2018-09-14', 21, 3, 120, 87),
(64, '2018-09-14', 22, 1, 69, 66),
(65, '2018-09-14', 22, 2, 60, 53),
(66, '2018-09-14', 22, 3, 80, 33),
(67, '2018-09-14', 23, 1, 46, 42),
(68, '2018-09-14', 23, 2, 90, 83),
(69, '2018-09-14', 23, 3, 80, 49),
(70, '2018-09-14', 24, 1, 46, 40),
(71, '2018-09-14', 24, 2, 60, 52),
(72, '2018-09-14', 24, 3, 120, 67),
(73, '2018-09-14', 25, 1, 69, 56),
(74, '2018-09-14', 25, 2, 60, 34),
(75, '2018-09-14', 25, 3, 80, 36),
(76, '2018-09-14', 26, 1, 46, 33),
(77, '2018-09-14', 26, 2, 90, 61),
(78, '2018-09-14', 26, 3, 80, 47),
(79, '2018-09-14', 27, 1, 46, 26),
(80, '2018-09-14', 27, 2, 60, 42),
(81, '2018-09-14', 27, 3, 120, 67),
(82, '2018-09-14', 28, 1, 69, 56),
(83, '2018-09-14', 28, 2, 60, 46),
(84, '2018-09-14', 28, 3, 80, 67),
(85, '2018-09-14', 29, 1, 46, 27),
(86, '2018-09-14', 29, 2, 90, 35),
(87, '2018-09-14', 29, 3, 80, 42),
(88, '2018-09-14', 30, 1, 46, 31),
(89, '2018-09-14', 30, 2, 60, 47),
(90, '2018-09-14', 30, 3, 120, 60),
(91, '2018-09-14', 31, 1, 69, 60),
(92, '2018-09-14', 31, 2, 60, 47),
(93, '2018-09-14', 31, 3, 80, 63);

-- --------------------------------------------------------

--
-- Table structure for table `tbl_divre`
--

CREATE TABLE `tbl_divre` (
  `id_divre` int(10) NOT NULL,
  `nama` varchar(100) NOT NULL,
  `alamat` varchar(100) NOT NULL,
  `kode_pos` int(10) NOT NULL,
  `telp` varchar(15) NOT NULL,
  `fax` varchar(15) NOT NULL
) ENGINE=InnoDB DEFAULT CHARSET=latin1;

--
-- Dumping data for table `tbl_divre`
--

INSERT INTO `tbl_divre` (`id_divre`, `nama`, `alamat`, `kode_pos`, `telp`, `fax`) VALUES
(0, 'Damri Pusat', 'Jl. Matraman Jakarta Pusat', 10610, '021-4246802', '021-4246802'),
(1, 'Divre 1 Jakarta', 'Jl.Angkasa No.17B Kemayoran', 10610, '021-4246802', '021-4246802'),
(2, 'Divre 2 Semarang', 'Jl.Mpu Tantular No.8 ', 50175, '024-3544712', '024-3586280'),
(3, 'Divre 3 Surabaya', 'Jl.Raya Kalirungkrut No.7A', 60293, '031-8490118', '031-8490142'),
(4, 'Divre 4 Jayapura', 'Jl.Pasifik Indah 17, Ex Bengkel PU Pasir II', 99117, '0967-5620177', '0967-5620177'),
(5, 'Satuan Pengawasan Intern', 'Jl. Matraman Jakarta Pusat', 10610, '021-4246802', '021-4246802'),
(6, 'Direktorat Komersial & Pengembangan Usaha', 'Jl. Matraman Jakarta Pusat', 10610, '021-4246802', '021-4246802'),
(7, 'Direktorat Keselamatan & Pelayanan', 'Jl. Matraman Jakarta Pusat', 10610, '021-4246802', '021-4246802'),
(8, 'Direktorat Teknik', 'Jl. Matraman Jakarta Pusat', 10610, '021-4246802', '021-4246802'),
(9, 'Direktorat Keuangan', 'Jl. Matraman Jakarta Pusat', 10610, '021-4246802', '021-4246802'),
(10, 'Direktorat SDM & Adm. Umum', 'Jl. Matraman Jakarta Pusat', 10610, '021-4246802', '021-4246802'),
(11, 'Biro Renlitbang & Teknologi Informasi', 'Jl. Matraman Jakarta Pusat', 10610, '021-4246802', '021-4246802'),
(12, 'Biro Sekretariat Perusahaan', 'Jl. Matraman Jakarta Pusat', 10610, '021-4246802', '021-4246802');

-- --------------------------------------------------------

--
-- Table structure for table `tbl_helpdesk`
--

CREATE TABLE `tbl_helpdesk` (
  `id_helpdesk` int(10) NOT NULL,
  `nama` varchar(50) DEFAULT NULL,
  `email` varchar(100) DEFAULT NULL,
  `inbox` varchar(255) DEFAULT NULL,
  `outbox` varchar(255) DEFAULT NULL,
  `tanggal` varchar(25) DEFAULT NULL,
  `trash` int(10) DEFAULT NULL,
  `status` int(10) DEFAULT NULL
) ENGINE=InnoDB DEFAULT CHARSET=latin1;

--
-- Dumping data for table `tbl_helpdesk`
--

INSERT INTO `tbl_helpdesk` (`id_helpdesk`, `nama`, `email`, `inbox`, `outbox`, `tanggal`, `trash`, `status`) VALUES
(8, 'Erma Noviana', 'erma.noviana@damri.co.id', 'Berapa nomor fax damri cabang bandar lampung?', 'kepo hol', '08-06-2019:06:44:49', 0, 1),
(9, 'simon', 'simon@gmail.com', 'simon says uri real vibe killer', '0', '12-06-2019:08:28:25', 0, 0);

-- --------------------------------------------------------

--
-- Table structure for table `tbl_jam`
--

CREATE TABLE `tbl_jam` (
  `id_jam` int(10) NOT NULL,
  `jam` varchar(20) DEFAULT NULL
) ENGINE=InnoDB DEFAULT CHARSET=latin1;

--
-- Dumping data for table `tbl_jam`
--

INSERT INTO `tbl_jam` (`id_jam`, `jam`) VALUES
(1, '08:00'),
(2, '10:00'),
(3, '14:00'),
(4, '16:00'),
(5, '17:00'),
(6, '19:00'),
(7, '20:00'),
(8, '21:00'),
(9, '22:00');

-- --------------------------------------------------------

--
-- Table structure for table `tbl_layanan`
--

CREATE TABLE `tbl_layanan` (
  `id_layanan` int(10) NOT NULL,
  `jenis_layanan` varchar(20) NOT NULL,
  `jml_seat` int(10) NOT NULL
) ENGINE=InnoDB DEFAULT CHARSET=latin1;

--
-- Dumping data for table `tbl_layanan`
--

INSERT INTO `tbl_layanan` (`id_layanan`, `jenis_layanan`, `jml_seat`) VALUES
(1, 'Royal', 23),
(2, 'Eksekutif', 30),
(3, 'Bisnis', 40);

-- --------------------------------------------------------

--
-- Table structure for table `tbl_level`
--

CREATE TABLE `tbl_level` (
  `id_level` int(10) NOT NULL,
  `level` varchar(100) DEFAULT NULL
) ENGINE=InnoDB DEFAULT CHARSET=latin1;

--
-- Dumping data for table `tbl_level`
--

INSERT INTO `tbl_level` (`id_level`, `level`) VALUES
(1, 'superadmin'),
(2, 'admin'),
(3, 'gm');

-- --------------------------------------------------------

--
-- Table structure for table `tbl_penjualan`
--

CREATE TABLE `tbl_penjualan` (
  `id_penjualan` int(10) NOT NULL,
  `tgl_berangkat` date NOT NULL,
  `id_jam` varchar(10) NOT NULL,
  `id_armada` int(10) NOT NULL,
  `id_trayek` int(10) NOT NULL,
  `id_layanan` int(10) NOT NULL,
  `jml_penumpang` int(10) NOT NULL,
  `load_factor` varchar(50) NOT NULL,
  `status` varchar(20) NOT NULL,
  `hasil_analisis` varchar(20) NOT NULL
) ENGINE=InnoDB DEFAULT CHARSET=latin1;

--
-- Dumping data for table `tbl_penjualan`
--

INSERT INTO `tbl_penjualan` (`id_penjualan`, `tgl_berangkat`, `id_jam`, `id_armada`, `id_trayek`, `id_layanan`, `jml_penumpang`, `load_factor`, `status`, `hasil_analisis`) VALUES
(1, '2018-09-14', '1', 1, 1, 1, 21, '0,913043478', '0', '-'),
(2, '2018-09-14', '2', 2, 1, 2, 20, '0,666666667', '0', '-'),
(3, '2018-09-14', '3', 3, 1, 3, 32, '0,8', '0', '-'),
(4, '2018-09-14', '4', 139, 1, 1, 20, '0,869565217', '0', '-'),
(5, '2018-09-14', '5', 140, 1, 2, 19, '0,633333333', '0', '-'),
(6, '2018-09-14', '6', 141, 1, 3, 34, '0,85', '0', '-'),
(7, '2018-09-14', '7', 277, 1, 1, 17, '0,739130435', '0', '-'),
(8, '2018-09-14', '1', 4, 2, 1, 10, '0,434782609', '0', '-'),
(9, '2018-09-14', '4', 5, 2, 2, 23, '0,766666667', '0', '-'),
(10, '2018-09-14', '5', 6, 2, 3, 31, '0,775', '0', '-'),
(11, '2018-09-14', '6', 142, 2, 1, 21, '0,913043478', '0', '-'),
(12, '2018-09-14', '8', 143, 2, 2, 21, '0,7', '0', '-'),
(13, '2018-09-14', '7', 144, 2, 3, 22, '0,55', '0', '-'),
(14, '2018-09-14', '3', 278, 2, 2, 16, '0,533333333', '0', '-'),
(15, '2018-09-14', '2', 7, 3, 1, 20, '0,869565217', '0', '-'),
(16, '2018-09-14', '1', 8, 3, 2, 27, '0,9', '0', '-'),
(17, '2018-09-14', '3', 9, 3, 3, 25, '0,625', '0', '-'),
(18, '2018-09-14', '5', 145, 3, 1, 12, '0,52173913', '0', '-'),
(19, '2018-09-14', '7', 146, 3, 2, 22, '0,733333333', '0', '-'),
(20, '2018-09-14', '6', 147, 3, 3, 29, '0,725', '0', '-'),
(21, '2018-09-14', '8', 270, 3, 3, 21, '0,525', '0', '-'),
(22, '2018-09-14', '4', 10, 4, 1, 10, '0,434782609', '0', '-'),
(23, '2018-09-14', '2', 11, 4, 2, 23, '0,766666667', '0', '-'),
(24, '2018-09-14', '3', 12, 4, 3, 20, '0,5', '0', '-'),
(25, '2018-09-14', '6', 148, 4, 1, 19, '0,826086957', '0', '-'),
(26, '2018-09-14', '9', 149, 4, 2, 26, '0,866666667', '0', '-'),
(27, '2018-09-14', '7', 150, 4, 3, 37, '0,925', '0', '-'),
(28, '2018-09-14', '1', 271, 4, 1, 17, '0,739130435', '0', '-'),
(29, '2018-09-14', '2', 13, 5, 1, 12, '0,52173913', '0', '-'),
(30, '2018-09-14', '5', 14, 5, 2, 25, '0,833333333', '0', '-'),
(31, '2018-09-14', '1', 15, 5, 3, 36, '0,9', '0', '-'),
(32, '2018-09-14', '7', 151, 5, 1, 22, '0,956521739', '0', '-'),
(33, '2018-09-14', '8', 152, 5, 2, 23, '0,766666667', '0', '-'),
(34, '2018-09-14', '9', 153, 5, 3, 34, '0,85', '0', '-'),
(35, '2018-09-14', '3', 272, 5, 2, 21, '0,7', '0', '-'),
(36, '2018-09-14', '1', 16, 6, 1, 21, '0,913043478', '0', '-'),
(37, '2018-09-14', '4', 17, 6, 2, 24, '0,8', '0', '-'),
(38, '2018-09-14', '9', 18, 6, 3, 12, '0,3', '0', '-'),
(39, '2018-09-14', '3', 154, 6, 1, 21, '0,913043478', '0', '-'),
(40, '2018-09-14', '2', 155, 6, 2, 23, '0,766666667', '0', '-'),
(41, '2018-09-14', '5', 156, 6, 3, 37, '0,925', '0', '-'),
(42, '2018-09-14', '7', 273, 6, 3, 32, '0,8', '0', '-'),
(43, '2018-09-14', '5', 19, 7, 1, 19, '0,826086957', '0', '-'),
(44, '2018-09-14', '6', 20, 7, 2, 22, '0,733333333', '0', '-'),
(45, '2018-09-14', '2', 21, 7, 3, 27, '0,675', '0', '-'),
(46, '2018-09-14', '3', 158, 7, 1, 20, '0,869565217', '0', '-'),
(47, '2018-09-14', '1', 159, 7, 2, 27, '0,9', '0', '-'),
(48, '2018-09-14', '9', 160, 7, 3, 25, '0,625', '0', '-'),
(49, '2018-09-14', '4', 274, 7, 1, 15, '0,652173913', '0', '-'),
(50, '2018-09-14', '2', 22, 8, 1, 16, '0,695652174', '0', '-'),
(51, '2018-09-14', '4', 23, 8, 2, 22, '0,733333333', '0', '-'),
(52, '2018-09-14', '6', 24, 8, 3, 24, '0,6', '0', '-'),
(53, '2018-09-14', '8', 161, 8, 1, 18, '0,782608696', '0', '-'),
(54, '2018-09-14', '9', 162, 8, 2, 23, '0,766666667', '0', '-'),
(55, '2018-09-14', '3', 163, 8, 3, 34, '0,85', '0', '-'),
(56, '2018-09-14', '1', 275, 8, 2, 21, '0,7', '0', '-'),
(57, '2018-09-14', '1', 25, 9, 1, 19, '0,826086957', '0', '-'),
(58, '2018-09-14', '2', 26, 9, 2, 24, '0,8', '0', '-'),
(59, '2018-09-14', '4', 27, 9, 3, 33, '0,825', '0', '-'),
(60, '2018-09-14', '3', 164, 9, 1, 21, '0,913043478', '0', '-'),
(61, '2018-09-14', '5', 165, 9, 2, 30, '1', '0', '-'),
(62, '2018-09-14', '8', 166, 9, 3, 39, '0,975', '0', '-'),
(63, '2018-09-14', '9', 276, 9, 3, 31, '0,775', '0', '-'),
(64, '2018-09-14', '6', 28, 10, 1, 20, '0,869565217', '0', '-'),
(65, '2018-09-14', '2', 29, 10, 2, 23, '0,766666667', '0', '-'),
(66, '2018-09-14', '3', 30, 10, 3, 34, '0,85', '0', '-'),
(67, '2018-09-14', '4', 167, 10, 1, 21, '0,913043478', '0', '-'),
(68, '2018-09-14', '8', 168, 10, 2, 23, '0,766666667', '0', '-'),
(69, '2018-09-14', '5', 169, 10, 3, 31, '0,775', '0', '-'),
(70, '2018-09-14', '7', 277, 10, 1, 24, '1,043478261', '0', '-'),
(71, '2018-09-14', '2', 31, 11, 1, 20, '0,869565217', '0', '-'),
(72, '2018-09-14', '1', 32, 11, 2, 23, '0,766666667', '0', '-'),
(73, '2018-09-14', '4', 33, 11, 3, 34, '0,85', '0', '-'),
(74, '2018-09-14', '3', 170, 11, 1, 12, '0,52173913', '0', '-'),
(75, '2018-09-14', '6', 171, 11, 2, 21, '0,7', '0', '-'),
(76, '2018-09-14', '8', 172, 11, 3, 28, '0,7', '0', '-'),
(77, '2018-09-14', '9', 278, 11, 2, 32, '1,066666667', '0', '-'),
(78, '2018-09-14', '2', 34, 12, 1, 12, '0,52173913', '0', '-'),
(79, '2018-09-14', '1', 35, 12, 2, 23, '0,766666667', '0', '-'),
(80, '2018-09-14', '4', 36, 12, 3, 29, '0,725', '0', '-'),
(81, '2018-09-14', '6', 173, 12, 1, 21, '0,913043478', '0', '-'),
(82, '2018-09-14', '9', 174, 12, 2, 26, '0,866666667', '0', '-'),
(83, '2018-09-14', '7', 175, 12, 3, 39, '0,975', '0', '-'),
(84, '2018-09-14', '3', 279, 12, 3, 21, '0,525', '0', '-'),
(85, '2018-09-14', '2', 37, 13, 1, 19, '0,826086957', '0', '-'),
(86, '2018-09-14', '5', 38, 13, 2, 27, '0,9', '0', '-'),
(87, '2018-09-14', '7', 39, 13, 3, 40, '1', '0', '-'),
(88, '2018-09-14', '1', 176, 13, 1, 22, '0,956521739', '0', '-'),
(89, '2018-09-14', '4', 177, 13, 2, 27, '0,9', '0', '-'),
(90, '2018-09-14', '9', 178, 13, 3, 35, '0,875', '0', '-'),
(91, '2018-09-14', '8', 280, 13, 1, 27, '1,173913043', '0', '-'),
(92, '2018-09-14', '1', 40, 14, 1, 20, '0,869565217', '0', '-'),
(93, '2018-09-14', '3', 41, 14, 2, 27, '0,9', '0', '-'),
(94, '2018-09-14', '2', 42, 14, 3, 39, '0,975', '0', '-'),
(95, '2018-09-14', '4', 179, 14, 1, 20, '0,869565217', '0', '-'),
(96, '2018-09-14', '6', 180, 14, 2, 23, '0,766666667', '0', '-'),
(97, '2018-09-14', '5', 181, 14, 3, 35, '0,875', '0', '-'),
(98, '2018-09-14', '9', 281, 14, 2, 39, '1,3', '0', '-'),
(99, '2018-09-14', '5', 43, 15, 1, 20, '0,869565217', '0', '-'),
(100, '2018-09-14', '2', 44, 15, 2, 28, '0,933333333', '0', '-'),
(101, '2018-09-14', '4', 45, 15, 3, 34, '0,85', '0', '-'),
(102, '2018-09-14', '8', 182, 15, 1, 21, '0,913043478', '0', '-'),
(103, '2018-09-14', '6', 183, 15, 2, 23, '0,766666667', '0', '-'),
(104, '2018-09-14', '9', 184, 15, 3, 36, '0,9', '0', '-'),
(105, '2018-09-14', '1', 282, 15, 3, 14, '0,35', '0', '-'),
(106, '2018-09-14', '1', 46, 16, 1, 20, '0,869565217', '0', '-'),
(107, '2018-09-14', '5', 47, 16, 2, 23, '0,766666667', '0', '-'),
(108, '2018-09-14', '7', 48, 16, 3, 35, '0,875', '0', '-'),
(109, '2018-09-14', '6', 185, 16, 1, 18, '0,782608696', '0', '-'),
(110, '2018-09-14', '4', 186, 16, 2, 21, '0,7', '0', '-'),
(111, '2018-09-14', '2', 187, 16, 3, 39, '0,975', '0', '-'),
(112, '2018-09-14', '3', 283, 16, 1, 30, '1,304347826', '0', '-'),
(113, '2018-09-14', '1', 49, 17, 1, 22, '0,956521739', '0', '-'),
(114, '2018-09-14', '2', 50, 17, 2, 29, '0,966666667', '0', '-'),
(115, '2018-09-14', '3', 51, 17, 3, 38, '0,95', '0', '-'),
(116, '2018-09-14', '4', 188, 17, 1, 21, '0,913043478', '0', '-'),
(117, '2018-09-14', '5', 189, 17, 2, 20, '0,666666667', '0', '-'),
(118, '2018-09-14', '6', 190, 17, 3, 37, '0,925', '0', '-'),
(119, '2018-09-14', '7', 284, 17, 2, 32, '1,066666667', '0', '-'),
(120, '2018-09-14', '1', 52, 18, 1, 21, '0,913043478', '0', '-'),
(121, '2018-09-14', '4', 53, 18, 2, 30, '1', '0', '-'),
(122, '2018-09-14', '5', 54, 18, 3, 34, '0,85', '0', '-'),
(123, '2018-09-14', '6', 191, 18, 1, 20, '0,869565217', '0', '-'),
(124, '2018-09-14', '8', 192, 18, 2, 20, '0,666666667', '0', '-'),
(125, '2018-09-14', '7', 193, 18, 3, 21, '0,525', '0', '-'),
(126, '2018-09-14', '3', 285, 18, 3, 11, '0,275', '0', '-'),
(127, '2018-09-14', '2', 55, 19, 1, 15, '0,652173913', '0', '-'),
(128, '2018-09-14', '1', 56, 19, 2, 12, '0,4', '0', '-'),
(129, '2018-09-14', '3', 57, 19, 3, 13, '0,325', '0', '-'),
(130, '2018-09-14', '5', 194, 19, 1, 19, '0,826086957', '0', '-'),
(131, '2018-09-14', '7', 195, 19, 2, 23, '0,766666667', '0', '-'),
(132, '2018-09-14', '6', 196, 19, 3, 28, '0,7', '0', '-'),
(133, '2018-09-14', '8', 286, 19, 1, 22, '0,956521739', '0', '-'),
(134, '2018-09-14', '1', 58, 20, 1, 10, '0,434782609', '0', '-'),
(135, '2018-09-14', '2', 59, 20, 2, 23, '0,766666667', '0', '-'),
(136, '2018-09-14', '3', 60, 20, 3, 20, '0,5', '0', '-'),
(137, '2018-09-14', '4', 197, 20, 1, 19, '0,826086957', '0', '-'),
(138, '2018-09-14', '5', 198, 20, 2, 26, '0,866666667', '0', '-'),
(139, '2018-09-14', '6', 199, 20, 3, 37, '0,925', '0', '-'),
(140, '2018-09-14', '7', 287, 20, 2, 17, '0,566666667', '0', '-'),
(141, '2018-09-14', '1', 61, 21, 1, 12, '0,52173913', '0', '-'),
(142, '2018-09-14', '4', 62, 21, 2, 21, '0,7', '0', '-'),
(143, '2018-09-14', '5', 63, 21, 3, 32, '0,8', '0', '-'),
(144, '2018-09-14', '6', 200, 21, 1, 22, '0,956521739', '0', '-'),
(145, '2018-09-14', '8', 201, 21, 2, 23, '0,766666667', '0', '-'),
(146, '2018-09-14', '7', 202, 21, 3, 34, '0,85', '0', '-'),
(147, '2018-09-14', '3', 288, 21, 3, 21, '0,525', '0', '-'),
(148, '2018-09-14', '2', 64, 22, 1, 18, '0,782608696', '0', '-'),
(149, '2018-09-14', '1', 65, 22, 2, 24, '0,8', '0', '-'),
(150, '2018-09-14', '3', 66, 22, 3, 12, '0,3', '0', '-'),
(151, '2018-09-14', '5', 203, 22, 1, 21, '0,913043478', '0', '-'),
(152, '2018-09-14', '7', 204, 22, 2, 29, '0,966666667', '0', '-'),
(153, '2018-09-14', '6', 205, 22, 3, 21, '0,525', '0', '-'),
(154, '2018-09-14', '8', 289, 22, 1, 27, '1,173913043', '0', '-'),
(155, '2018-09-14', '4', 67, 23, 1, 22, '0,956521739', '0', '-'),
(156, '2018-09-14', '2', 68, 23, 2, 28, '0,933333333', '0', '-'),
(157, '2018-09-14', '3', 69, 23, 3, 28, '0,7', '0', '-'),
(158, '2018-09-14', '6', 206, 23, 1, 20, '0,869565217', '0', '-'),
(159, '2018-09-14', '9', 207, 23, 2, 29, '0,966666667', '0', '-'),
(160, '2018-09-14', '7', 208, 23, 3, 21, '0,525', '0', '-'),
(161, '2018-09-14', '1', 290, 23, 2, 34, '1,133333333', '0', '-'),
(162, '2018-09-14', '1', 70, 24, 1, 22, '0,956521739', '0', '-'),
(163, '2018-09-14', '2', 71, 24, 2, 24, '0,8', '0', '-'),
(164, '2018-09-14', '3', 72, 24, 3, 21, '0,525', '0', '-'),
(165, '2018-09-14', '4', 209, 24, 1, 18, '0,782608696', '0', '-'),
(166, '2018-09-14', '5', 210, 24, 2, 28, '0,933333333', '0', '-'),
(167, '2018-09-14', '6', 211, 24, 3, 24, '0,6', '0', '-'),
(168, '2018-09-14', '7', 291, 24, 3, 22, '0,55', '0', '-'),
(169, '2018-09-14', '1', 73, 25, 1, 13, '0,565217391', '0', '-'),
(170, '2018-09-14', '4', 74, 25, 2, 21, '0,7', '0', '-'),
(171, '2018-09-14', '5', 75, 25, 3, 21, '0,525', '0', '-'),
(172, '2018-09-14', '6', 212, 25, 1, 22, '0,956521739', '0', '-'),
(173, '2018-09-14', '8', 213, 25, 2, 13, '0,433333333', '0', '-'),
(174, '2018-09-14', '7', 214, 25, 3, 15, '0,375', '0', '-'),
(175, '2018-09-14', '3', 292, 25, 1, 21, '0,913043478', '0', '-'),
(176, '2018-09-14', '2', 76, 26, 1, 11, '0,47826087', '0', '-'),
(177, '2018-09-14', '1', 77, 26, 2, 21, '0,7', '0', '-'),
(178, '2018-09-14', '3', 78, 26, 3, 32, '0,8', '0', '-'),
(179, '2018-09-14', '5', 215, 26, 1, 22, '0,956521739', '0', '-'),
(180, '2018-09-14', '7', 216, 26, 2, 12, '0,4', '0', '-'),
(181, '2018-09-14', '6', 217, 26, 3, 15, '0,375', '0', '-'),
(182, '2018-09-14', '8', 293, 26, 2, 28, '0,933333333', '0', '-'),
(183, '2018-09-14', '4', 79, 27, 1, 13, '0,565217391', '0', '-'),
(184, '2018-09-14', '2', 80, 27, 2, 19, '0,633333333', '0', '-'),
(185, '2018-09-14', '3', 81, 27, 3, 20, '0,5', '0', '-'),
(186, '2018-09-14', '6', 218, 27, 1, 13, '0,565217391', '0', '-'),
(187, '2018-09-14', '9', 219, 27, 2, 23, '0,766666667', '0', '-'),
(188, '2018-09-14', '7', 220, 27, 3, 35, '0,875', '0', '-'),
(189, '2018-09-14', '1', 294, 27, 3, 12, '0,3', '0', '-'),
(190, '2018-09-14', '1', 82, 28, 1, 19, '0,826086957', '0', '-'),
(191, '2018-09-14', '2', 83, 28, 2, 23, '0,766666667', '0', '-'),
(192, '2018-09-14', '3', 84, 28, 3, 32, '0,8', '0', '-'),
(193, '2018-09-14', '4', 221, 28, 1, 16, '0,695652174', '0', '-'),
(194, '2018-09-14', '5', 222, 28, 2, 23, '0,766666667', '0', '-'),
(195, '2018-09-14', '6', 223, 28, 3, 35, '0,875', '0', '-'),
(196, '2018-09-14', '7', 295, 28, 1, 21, '0,913043478', '0', '-'),
(197, '2018-09-14', '1', 85, 29, 1, 12, '0,52173913', '0', '-'),
(198, '2018-09-14', '4', 86, 29, 2, 21, '0,7', '0', '-'),
(199, '2018-09-14', '5', 87, 29, 3, 21, '0,525', '0', '-'),
(200, '2018-09-14', '6', 224, 29, 1, 15, '0,652173913', '0', '-'),
(201, '2018-09-14', '8', 225, 29, 2, 14, '0,466666667', '0', '-'),
(202, '2018-09-14', '7', 226, 29, 3, 21, '0,525', '0', '-'),
(203, '2018-09-14', '3', 296, 29, 2, 24, '0,8', '0', '-'),
(204, '2018-09-14', '2', 88, 30, 1, 15, '0,652173913', '0', '-'),
(205, '2018-09-14', '1', 89, 30, 2, 24, '0,8', '0', '-'),
(206, '2018-09-14', '3', 90, 30, 3, 22, '0,55', '0', '-'),
(207, '2018-09-14', '5', 227, 30, 1, 16, '0,695652174', '0', '-'),
(208, '2018-09-14', '7', 228, 30, 2, 23, '0,766666667', '0', '-'),
(209, '2018-09-14', '6', 229, 30, 3, 24, '0,6', '0', '-'),
(210, '2018-09-14', '8', 297, 30, 3, 14, '0,35', '0', '-'),
(211, '2018-09-14', '2', 91, 31, 1, 17, '0,739130435', '0', '-'),
(212, '2018-09-14', '1', 92, 31, 2, 23, '0,766666667', '0', '-'),
(213, '2018-09-14', '3', 93, 31, 3, 37, '0,925', '0', '-'),
(214, '2018-09-14', '5', 230, 31, 1, 21, '0,913043478', '0', '-'),
(215, '2018-09-14', '7', 231, 31, 2, 24, '0,8', '0', '-'),
(216, '2018-09-14', '6', 232, 31, 3, 26, '0,65', '0', '-'),
(217, '2018-09-14', '8', 298, 31, 1, 22, '0,956521739', '0', '-');

-- --------------------------------------------------------

--
-- Table structure for table `tbl_trayek`
--

CREATE TABLE `tbl_trayek` (
  `id_trayek` int(10) NOT NULL,
  `id_divre` varchar(10) NOT NULL,
  `asal` varchar(50) NOT NULL,
  `tujuan` varchar(50) NOT NULL,
  `jurusan` varchar(50) NOT NULL,
  `segmen` varchar(20) NOT NULL,
  `jarak` varchar(50) NOT NULL
) ENGINE=InnoDB DEFAULT CHARSET=latin1;

--
-- Dumping data for table `tbl_trayek`
--

INSERT INTO `tbl_trayek` (`id_trayek`, `id_divre`, `asal`, `tujuan`, `jurusan`, `segmen`, `jarak`) VALUES
(1, '1', 'Bandar Lampung', 'Gambir', 'BDL - GBR', 'ANTAR KOTA', '460,00'),
(2, '1', 'Bandar Lampung', 'Bekasi', 'BDL - BKS', 'ANTAR KOTA', '255,00'),
(3, '1', 'Bandar Lampung', 'Bogor', 'BDL - BGR', 'ANTAR KOTA', '560,00'),
(4, '1', 'Bandar Lampung', 'Bandung', 'BDL - BDG', 'ANTAR KOTA', '750,00'),
(5, '1', 'Bandar Lampung', 'Yogya', 'BDL - YGY', 'ANTAR KOTA', '1740,00'),
(6, '1', 'Bandar Lampung', 'Depok', 'BDL - DPK', 'ANTAR KOTA', '526,00'),
(7, '1', 'Kota Agung', 'Gambir', 'KTA - GBR', 'ANTAR KOTA', '696,00'),
(8, '1', 'Pringsewu', 'Gambir', 'PRS - GBR', 'ANTAR KOTA', '550,00'),
(9, '1', 'Unit Dua', 'Gambir', 'U2 - GBR', 'ANTAR KOTA', '820,00'),
(10, '1', 'Kota Bumi', 'Gambir', 'KB - GBR', 'ANTAR KOTA', '660,00'),
(11, '1', 'Bandarjaya', 'Gambir', 'BDJ - GBR', 'ANTAR KOTA', '590,00'),
(12, '1', 'Daya Murni', 'Gambir', 'DYM - GBR', 'ANTAR KOTA', '700,00'),
(13, '1', 'Metro', 'Gambir', 'MTR - GBR', 'ANTAR KOTA', '550,00'),
(14, '1', 'Metro', 'Bekasi', 'MTR - BKS', 'ANTAR KOTA', '600,00'),
(15, '1', 'Metro', 'Bandung', 'MTR - BDG', 'ANTAR KOTA', '840,00'),
(16, '1', 'Metro', 'Bogor', 'MTR - BGR', 'ANTAR KOTA', '600,00'),
(17, '1', 'Gayabaru', 'Gambir', 'GYB - GBR', 'ANTAR KOTA', '726,00'),
(18, '1', 'Talang Padang', 'Gambir', 'TLP - GBR', 'ANTAR KOTA', '600,00'),
(19, '1', 'Talang Padang', 'Bandung', 'TLP - BDG', 'ANTAR KOTA', '890,00'),
(20, '1', 'Gambir', 'Bandar Lampung', 'GBR - BDL', 'ANTAR KOTA', '230,00'),
(21, '1', 'Bekasi', 'Gambir', 'BKS - GBR', 'ANTAR KOTA', '255,00'),
(22, '1', 'Bogor', 'Bandar Lampung', 'BGR - BDL', 'ANTAR KOTA', '280,00'),
(23, '1', 'Bandung', 'Bandar Lampung', 'BDG - BDL', 'ANTAR KOTA', '375,00'),
(24, '1', 'Yogya', 'Bandar Lampung', 'YGY - BDL', 'ANTAR KOTA', '870,00'),
(25, '1', 'Gambir', 'Metro', 'GBR - MTR', 'ANTAR KOTA', '275,00'),
(26, '1', 'Bekasi', 'Metro', 'BKS - MTR', 'ANTAR KOTA', '300,00'),
(27, '1', 'Bogor', 'Metro', 'BGR - MTR', 'ANTAR KOTA', '325,00'),
(28, '1', 'Bandung', 'Metro', 'BDG - MTR', 'ANTAR KOTA', '420,00'),
(29, '1', 'Gambir', 'Gayabaru', 'GBR - GYB', 'ANTAR KOTA', '363,00'),
(30, '1', 'Gambir', 'Unit Dua', 'GBR - U2', 'ANTAR KOTA', '410,00'),
(31, '1', 'Gambir', 'Kota Agung', 'GBR - KTA', 'ANTAR KOTA', '348,00'),
(32, '1', 'Gambir', 'Daya Murni', 'GBR - DYM', 'ANTAR KOTA', '350,00'),
(33, '1', 'Gambir', 'Talang Padang', 'GBR - TLP', 'ANTAR KOTA', '300,00'),
(34, '1', 'Bandung', 'Talang Padang', 'BDG - TLP', 'ANTAR KOTA', '445,00'),
(35, '1', 'Gambir', 'Pringsewu', 'GBR - PRS', 'ANTAR KOTA', '275,00'),
(36, '1', 'Gambir', 'Bandarjaya', 'GBR - BDJ', 'ANTAR KOTA', '295,00'),
(37, '1', 'Gambir', 'Kota Bumi', 'GBR - KB', 'ANTAR KOTA', '330,00'),
(38, '1', 'Depok', 'Bandar Lampung', 'DPK - BDL', 'ANTAR KOTA', '263,00'),
(39, '1', 'Bandar Lampung', 'Kampung Rambutan', 'BDL - KMPR', 'ANTAR KOTA', '0,00'),
(40, '1', 'Bekasi', 'Bandar Lampung', 'BKS - BDL', 'ANTAR KOTA', '255,00'),
(41, '1', 'Kampung Rambutan', 'Bandar Lampung', 'KMPR - BDL', 'ANTAR KOTA', '0,00'),
(42, '1', 'Bandar Lampung', 'Cikarang', 'BDL - CKR', 'ANTAR KOTA', '0,00'),
(43, '1', 'Cikarang', 'Bandar Lampung', 'CKR - BDL', 'ANTAR KOTA', '0,00'),
(44, '1', 'Bandar Lampung', 'Bumiayu', 'BDL - BMY', 'ANTAR KOTA', '0,00'),
(45, '1', 'Bubulak Bogor', 'Bandar Lampung', 'BBLB - BDL', 'ANTAR KOTA', '561,00'),
(46, '1', 'Bubulak Bogor', 'Metro', 'BBLB - MTR', 'ANTAR KOTA', '375,00');

-- --------------------------------------------------------

--
-- Table structure for table `tbl_user`
--

CREATE TABLE `tbl_user` (
  `id_user` int(10) NOT NULL,
  `nik` int(20) NOT NULL,
  `nama` varchar(50) NOT NULL,
  `email` varchar(50) DEFAULT NULL,
  `password` varchar(100) NOT NULL,
  `no_telp` varchar(15) NOT NULL,
  `id_divre` int(10) NOT NULL,
  `id_cabang` int(10) NOT NULL,
  `foto` varchar(100) NOT NULL,
  `alamat` varchar(100) NOT NULL,
  `id_level` int(10) NOT NULL
) ENGINE=InnoDB DEFAULT CHARSET=latin1;

--
-- Dumping data for table `tbl_user`
--

INSERT INTO `tbl_user` (`id_user`, `nik`, `nama`, `email`, `password`, `no_telp`, `id_divre`, `id_cabang`, `foto`, `alamat`, `id_level`) VALUES
(1, 2015230014, 'Erma Noviana', 'erma.noviana@damri.co.id', '21232f297a57a5a743894a0e4a801fc3', '083893936774', 1, 1, '../assets/img/icon.png', 'holdaebak', 1),
(2, 2147483647, 'Admin Cabang Bandar Lampung', 'admin.lampung@damri.co.id', '202cb962ac59075b964b07152d234b70', '768728176', 1, 3, '../assets/img/icon.png', 'alamat admin', 2),
(3, 424324, 'General Manager Cabang Bandar Lampung', 'gm.lampung@damri.co.id', '7363a0d0604902af7b70b271a0b96480', '7878593302', 1, 3, '../assets/img/icon.png', 'alamat gm coabin', 3);

--
-- Indexes for dumped tables
--

--
-- Indexes for table `tbl_armada`
--
ALTER TABLE `tbl_armada`
  ADD PRIMARY KEY (`id_armada`),
  ADD KEY `id_cabang` (`id_cabang`);

--
-- Indexes for table `tbl_cabang`
--
ALTER TABLE `tbl_cabang`
  ADD PRIMARY KEY (`id_cabang`);

--
-- Indexes for table `tbl_count`
--
ALTER TABLE `tbl_count`
  ADD PRIMARY KEY (`id_count`) USING BTREE;

--
-- Indexes for table `tbl_divre`
--
ALTER TABLE `tbl_divre`
  ADD PRIMARY KEY (`id_divre`);

--
-- Indexes for table `tbl_helpdesk`
--
ALTER TABLE `tbl_helpdesk`
  ADD PRIMARY KEY (`id_helpdesk`);

--
-- Indexes for table `tbl_jam`
--
ALTER TABLE `tbl_jam`
  ADD PRIMARY KEY (`id_jam`);

--
-- Indexes for table `tbl_layanan`
--
ALTER TABLE `tbl_layanan`
  ADD PRIMARY KEY (`id_layanan`);

--
-- Indexes for table `tbl_level`
--
ALTER TABLE `tbl_level`
  ADD PRIMARY KEY (`id_level`);

--
-- Indexes for table `tbl_penjualan`
--
ALTER TABLE `tbl_penjualan`
  ADD PRIMARY KEY (`id_penjualan`);

--
-- Indexes for table `tbl_trayek`
--
ALTER TABLE `tbl_trayek`
  ADD PRIMARY KEY (`id_trayek`);

--
-- Indexes for table `tbl_user`
--
ALTER TABLE `tbl_user`
  ADD PRIMARY KEY (`id_user`);

--
-- AUTO_INCREMENT for dumped tables
--

--
-- AUTO_INCREMENT for table `tbl_armada`
--
ALTER TABLE `tbl_armada`
  MODIFY `id_armada` int(10) NOT NULL AUTO_INCREMENT, AUTO_INCREMENT=321;

--
-- AUTO_INCREMENT for table `tbl_cabang`
--
ALTER TABLE `tbl_cabang`
  MODIFY `id_cabang` int(10) NOT NULL AUTO_INCREMENT, AUTO_INCREMENT=4;

--
-- AUTO_INCREMENT for table `tbl_divre`
--
ALTER TABLE `tbl_divre`
  MODIFY `id_divre` int(10) NOT NULL AUTO_INCREMENT, AUTO_INCREMENT=13;

--
-- AUTO_INCREMENT for table `tbl_helpdesk`
--
ALTER TABLE `tbl_helpdesk`
  MODIFY `id_helpdesk` int(10) NOT NULL AUTO_INCREMENT, AUTO_INCREMENT=10;

--
-- AUTO_INCREMENT for table `tbl_jam`
--
ALTER TABLE `tbl_jam`
  MODIFY `id_jam` int(10) NOT NULL AUTO_INCREMENT, AUTO_INCREMENT=12;

--
-- AUTO_INCREMENT for table `tbl_layanan`
--
ALTER TABLE `tbl_layanan`
  MODIFY `id_layanan` int(10) NOT NULL AUTO_INCREMENT, AUTO_INCREMENT=4;

--
-- AUTO_INCREMENT for table `tbl_level`
--
ALTER TABLE `tbl_level`
  MODIFY `id_level` int(10) NOT NULL AUTO_INCREMENT, AUTO_INCREMENT=4;

--
-- AUTO_INCREMENT for table `tbl_penjualan`
--
ALTER TABLE `tbl_penjualan`
  MODIFY `id_penjualan` int(10) NOT NULL AUTO_INCREMENT, AUTO_INCREMENT=435;

--
-- AUTO_INCREMENT for table `tbl_trayek`
--
ALTER TABLE `tbl_trayek`
  MODIFY `id_trayek` int(10) NOT NULL AUTO_INCREMENT, AUTO_INCREMENT=47;

--
-- AUTO_INCREMENT for table `tbl_user`
--
ALTER TABLE `tbl_user`
  MODIFY `id_user` int(10) NOT NULL AUTO_INCREMENT, AUTO_INCREMENT=4;
COMMIT;

/*!40101 SET CHARACTER_SET_CLIENT=@OLD_CHARACTER_SET_CLIENT */;
/*!40101 SET CHARACTER_SET_RESULTS=@OLD_CHARACTER_SET_RESULTS */;
/*!40101 SET COLLATION_CONNECTION=@OLD_COLLATION_CONNECTION */;
